1784265276855 59/RMR [INFO] ric message routing library on SI95 p=4562 mv=3 flg=00 id=a (f447e29 4.9.4 built: Dec 13 2023)
Subscribe to E2 node ID: gnbd_208_093_00019b_0, RAN func: e2sm_kpm, Report Style: 2, UE_id: 0, metrics: ['DRB.UEThpDl']
Successfully subscribed with Subscription ID:  3GcKB0LlxVajTUO2vXUJYl33H7R
Received Subscription ID to E2EventInstanceId mapping: 3GcKB0LlxVajTUO2vXUJYl33H7R -> 3
{'response': 'OK', 'status': 200, 'payload': '{}', 'ctype': 'application/json', 'attachment': None, 'mode': 'plain'}
10.0.2.13 - - [17/Jul/2026 05:14:37] "POST /ric/v1/subscriptions/response HTTP/1.1" 200 -

RIC Indication Received from gnbd_208_093_00019b_0 for Subscription ID: 3, KPM Report Style: 2, UE ID: 0
E2SM_KPM RIC Indication Content:
-ColletStartTime:  2026-07-17 05:14:39
-Measurements Data:
-granulPeriod: 1000
--Metric: DRB.UEThpDl, Value: [0.0]

RIC Indication Received from gnbd_208_093_00019b_0 for Subscription ID: 3, KPM Report Style: 2, UE ID: 0
E2SM_KPM RIC Indication Content:
-ColletStartTime:  2026-07-17 05:14:40
-Measurements Data:
-granulPeriod: 1000
--Metric: DRB.UEThpDl, Value: [0.0]

RIC Indication Received from gnbd_208_093_00019b_0 for Subscription ID: 3, KPM Report Style: 2, UE ID: 0
E2SM_KPM RIC Indication Content:
-ColletStartTime:  2026-07-17 05:14:41
-Measurements Data:
-granulPeriod: 1000
--Metric: DRB.UEThpDl, Value: [0.0]

RIC Indication Received from gnbd_208_093_00019b_0 for Subscription ID: 3, KPM Report Style: 2, UE ID: 0
E2SM_KPM RIC Indication Content:
-ColletStartTime:  2026-07-17 05:14:42
-Measurements Data:
-granulPeriod: 1000
--Metric: DRB.UEThpDl, Value: [0.0]

RIC Indication Received from gnbd_208_093_00019b_0 for Subscription ID: 3, KPM Report Style: 2, UE ID: 0
E2SM_KPM RIC Indication Content:
-ColletStartTime:  2026-07-17 05:14:44
-Measurements Data:
-granulPeriod: 1000
--Metric: DRB.UEThpDl, Value: [0.0]

RIC Indication Received from gnbd_208_093_00019b_0 for Subscription ID: 3, KPM Report Style: 2, UE ID: 0
E2SM_KPM RIC Indication Content:
-ColletStartTime:  2026-07-17 05:14:45
-Measurements Data:
-granulPeriod: 1000
--Metric: DRB.UEThpDl, Value: [0.0]

RIC Indication Received from gnbd_208_093_00019b_0 for Subscription ID: 3, KPM Report Style: 2, UE ID: 0
E2SM_KPM RIC Indication Content:
-ColletStartTime:  2026-07-17 05:14:46
-Measurements Data:
-granulPeriod: 1000
--Metric: DRB.UEThpDl, Value: [0.0]

RIC Indication Received from gnbd_208_093_00019b_0 for Subscription ID: 3, KPM Report Style: 2, UE ID: 0
E2SM_KPM RIC Indication Content:
-ColletStartTime:  2026-07-17 05:14:47
-Measurements Data:
-granulPeriod: 1000
--Metric: DRB.UEThpDl, Value: [0.0]

RIC Indication Received from gnbd_208_093_00019b_0 for Subscription ID: 3, KPM Report Style: 2, UE ID: 0
E2SM_KPM RIC Indication Content:
-ColletStartTime:  2026-07-17 05:14:49
-Measurements Data:
-granulPeriod: 1000
--Metric: DRB.UEThpDl, Value: [0.0]

RIC Indication Received from gnbd_208_093_00019b_0 for Subscription ID: 3, KPM Report Style: 2, UE ID: 0
E2SM_KPM RIC Indication Content:
-ColletStartTime:  2026-07-17 05:14:50
-Measurements Data:
-granulPeriod: 1000
--Metric: DRB.UEThpDl, Value: [0.0]

RIC Indication Received from gnbd_208_093_00019b_0 for Subscription ID: 3, KPM Report Style: 2, UE ID: 0
E2SM_KPM RIC Indication Content:
-ColletStartTime:  2026-07-17 05:14:51
-Measurements Data:
-granulPeriod: 1000
--Metric: DRB.UEThpDl, Value: [0.0]

RIC Indication Received from gnbd_208_093_00019b_0 for Subscription ID: 3, KPM Report Style: 2, UE ID: 0
E2SM_KPM RIC Indication Content:
-ColletStartTime:  2026-07-17 05:14:52
-Measurements Data:
-granulPeriod: 1000
--Metric: DRB.UEThpDl, Value: [1.0]

RIC Indication Received from gnbd_208_093_00019b_0 for Subscription ID: 3, KPM Report Style: 2, UE ID: 0
E2SM_KPM RIC Indication Content:
-ColletStartTime:  2026-07-17 05:14:54
-Measurements Data:
-granulPeriod: 1000
--Metric: DRB.UEThpDl, Value: [0.0]

RIC Indication Received from gnbd_208_093_00019b_0 for Subscription ID: 3, KPM Report Style: 2, UE ID: 0
E2SM_KPM RIC Indication Content:
-ColletStartTime:  2026-07-17 05:14:55
-Measurements Data:
-granulPeriod: 1000
--Metric: DRB.UEThpDl, Value: [0.0]

RIC Indication Received from gnbd_208_093_00019b_0 for Subscription ID: 3, KPM Report Style: 2, UE ID: 0
E2SM_KPM RIC Indication Content:
-ColletStartTime:  2026-07-17 05:14:56
-Measurements Data:
-granulPeriod: 1000
--Metric: DRB.UEThpDl, Value: [0.0]

RIC Indication Received from gnbd_208_093_00019b_0 for Subscription ID: 3, KPM Report Style: 2, UE ID: 0
E2SM_KPM RIC Indication Content:
-ColletStartTime:  2026-07-17 05:14:57
-Measurements Data:
-granulPeriod: 1000
--Metric: DRB.UEThpDl, Value: [1.0]

RIC Indication Received from gnbd_208_093_00019b_0 for Subscription ID: 3, KPM Report Style: 2, UE ID: 0
E2SM_KPM RIC Indication Content:
-ColletStartTime:  2026-07-17 05:14:58
-Measurements Data:
-granulPeriod: 1000
--Metric: DRB.UEThpDl, Value: [0.0]

RIC Indication Received from gnbd_208_093_00019b_0 for Subscription ID: 3, KPM Report Style: 2, UE ID: 0
E2SM_KPM RIC Indication Content:
-ColletStartTime:  2026-07-17 05:15:00
-Measurements Data:
-granulPeriod: 1000
--Metric: DRB.UEThpDl, Value: [0.0]

RIC Indication Received from gnbd_208_093_00019b_0 for Subscription ID: 3, KPM Report Style: 2, UE ID: 0
E2SM_KPM RIC Indication Content:
-ColletStartTime:  2026-07-17 05:15:01
-Measurements Data:
-granulPeriod: 1000
--Metric: DRB.UEThpDl, Value: [0.0]

RIC Indication Received from gnbd_208_093_00019b_0 for Subscription ID: 3, KPM Report Style: 2, UE ID: 0
E2SM_KPM RIC Indication Content:
-ColletStartTime:  2026-07-17 05:15:02
-Measurements Data:
-granulPeriod: 1000
--Metric: DRB.UEThpDl, Value: [0.0]

RIC Indication Received from gnbd_208_093_00019b_0 for Subscription ID: 3, KPM Report Style: 2, UE ID: 0
E2SM_KPM RIC Indication Content:
-ColletStartTime:  2026-07-17 05:15:03
-Measurements Data:
-granulPeriod: 1000
--Metric: DRB.UEThpDl, Value: [0.0]

RIC Indication Received from gnbd_208_093_00019b_0 for Subscription ID: 3, KPM Report Style: 2, UE ID: 0
E2SM_KPM RIC Indication Content:
-ColletStartTime:  2026-07-17 05:15:05
-Measurements Data:
-granulPeriod: 1000
--Metric: DRB.UEThpDl, Value: [0.0]

RIC Indication Received from gnbd_208_093_00019b_0 for Subscription ID: 3, KPM Report Style: 2, UE ID: 0
E2SM_KPM RIC Indication Content:
-ColletStartTime:  2026-07-17 05:15:06
-Measurements Data:
-granulPeriod: 1000
--Metric: DRB.UEThpDl, Value: [0.0]

RIC Indication Received from gnbd_208_093_00019b_0 for Subscription ID: 3, KPM Report Style: 2, UE ID: 0
E2SM_KPM RIC Indication Content:
-ColletStartTime:  2026-07-17 05:15:07
-Measurements Data:
-granulPeriod: 1000
--Metric: DRB.UEThpDl, Value: [0.0]

RIC Indication Received from gnbd_208_093_00019b_0 for Subscription ID: 3, KPM Report Style: 2, UE ID: 0
E2SM_KPM RIC Indication Content:
-ColletStartTime:  2026-07-17 05:15:08
-Measurements Data:
-granulPeriod: 1000
--Metric: DRB.UEThpDl, Value: [0.0]

RIC Indication Received from gnbd_208_093_00019b_0 for Subscription ID: 3, KPM Report Style: 2, UE ID: 0
E2SM_KPM RIC Indication Content:
-ColletStartTime:  2026-07-17 05:15:09
-Measurements Data:
-granulPeriod: 1000
--Metric: DRB.UEThpDl, Value: [1.0]

RIC Indication Received from gnbd_208_093_00019b_0 for Subscription ID: 3, KPM Report Style: 2, UE ID: 0
E2SM_KPM RIC Indication Content:
-ColletStartTime:  2026-07-17 05:15:10
-Measurements Data:
-granulPeriod: 1000
--Metric: DRB.UEThpDl, Value: [0.0]

RIC Indication Received from gnbd_208_093_00019b_0 for Subscription ID: 3, KPM Report Style: 2, UE ID: 0
E2SM_KPM RIC Indication Content:
-ColletStartTime:  2026-07-17 05:15:11
-Measurements Data:
-granulPeriod: 1000
--Metric: DRB.UEThpDl, Value: [0.0]

RIC Indication Received from gnbd_208_093_00019b_0 for Subscription ID: 3, KPM Report Style: 2, UE ID: 0
E2SM_KPM RIC Indication Content:
-ColletStartTime:  2026-07-17 05:15:13
-Measurements Data:
-granulPeriod: 1000
--Metric: DRB.UEThpDl, Value: [0.0]

RIC Indication Received from gnbd_208_093_00019b_0 for Subscription ID: 3, KPM Report Style: 2, UE ID: 0
E2SM_KPM RIC Indication Content:
-ColletStartTime:  2026-07-17 05:15:14
-Measurements Data:
-granulPeriod: 1000
--Metric: DRB.UEThpDl, Value: [1.0]

RIC Indication Received from gnbd_208_093_00019b_0 for Subscription ID: 3, KPM Report Style: 2, UE ID: 0
E2SM_KPM RIC Indication Content:
-ColletStartTime:  2026-07-17 05:15:15
-Measurements Data:
-granulPeriod: 1000
--Metric: DRB.UEThpDl, Value: [0.0]

RIC Indication Received from gnbd_208_093_00019b_0 for Subscription ID: 3, KPM Report Style: 2, UE ID: 0
E2SM_KPM RIC Indication Content:
-ColletStartTime:  2026-07-17 05:15:16
-Measurements Data:
-granulPeriod: 1000
--Metric: DRB.UEThpDl, Value: [2.0]

RIC Indication Received from gnbd_208_093_00019b_0 for Subscription ID: 3, KPM Report Style: 2, UE ID: 0
E2SM_KPM RIC Indication Content:
-ColletStartTime:  2026-07-17 05:15:17
-Measurements Data:
-granulPeriod: 1000
--Metric: DRB.UEThpDl, Value: [0.0]

RIC Indication Received from gnbd_208_093_00019b_0 for Subscription ID: 3, KPM Report Style: 2, UE ID: 0
E2SM_KPM RIC Indication Content:
-ColletStartTime:  2026-07-17 05:15:18
-Measurements Data:
-granulPeriod: 1000
--Metric: DRB.UEThpDl, Value: [1.0]

RIC Indication Received from gnbd_208_093_00019b_0 for Subscription ID: 3, KPM Report Style: 2, UE ID: 0
E2SM_KPM RIC Indication Content:
-ColletStartTime:  2026-07-17 05:15:19
-Measurements Data:
-granulPeriod: 1000
--Metric: DRB.UEThpDl, Value: [0.0]

RIC Indication Received from gnbd_208_093_00019b_0 for Subscription ID: 3, KPM Report Style: 2, UE ID: 0
E2SM_KPM RIC Indication Content:
-ColletStartTime:  2026-07-17 05:15:21
-Measurements Data:
-granulPeriod: 1000
--Metric: DRB.UEThpDl, Value: [1.0]

RIC Indication Received from gnbd_208_093_00019b_0 for Subscription ID: 3, KPM Report Style: 2, UE ID: 0
E2SM_KPM RIC Indication Content:
-ColletStartTime:  2026-07-17 05:15:22
-Measurements Data:
-granulPeriod: 1000
--Metric: DRB.UEThpDl, Value: [0.0]

RIC Indication Received from gnbd_208_093_00019b_0 for Subscription ID: 3, KPM Report Style: 2, UE ID: 0
E2SM_KPM RIC Indication Content:
-ColletStartTime:  2026-07-17 05:15:23
-Measurements Data:
-granulPeriod: 1000
--Metric: DRB.UEThpDl, Value: [2.0]

RIC Indication Received from gnbd_208_093_00019b_0 for Subscription ID: 3, KPM Report Style: 2, UE ID: 0
E2SM_KPM RIC Indication Content:
-ColletStartTime:  2026-07-17 05:15:24
-Measurements Data:
-granulPeriod: 1000
--Metric: DRB.UEThpDl, Value: [0.0]

RIC Indication Received from gnbd_208_093_00019b_0 for Subscription ID: 3, KPM Report Style: 2, UE ID: 0
E2SM_KPM RIC Indication Content:
-ColletStartTime:  2026-07-17 05:15:25
-Measurements Data:
-granulPeriod: 1000
--Metric: DRB.UEThpDl, Value: [1.0]

RIC Indication Received from gnbd_208_093_00019b_0 for Subscription ID: 3, KPM Report Style: 2, UE ID: 0
E2SM_KPM RIC Indication Content:
-ColletStartTime:  2026-07-17 05:15:27
-Measurements Data:
-granulPeriod: 1000
--Metric: DRB.UEThpDl, Value: [0.0]

RIC Indication Received from gnbd_208_093_00019b_0 for Subscription ID: 3, KPM Report Style: 2, UE ID: 0
E2SM_KPM RIC Indication Content:
-ColletStartTime:  2026-07-17 05:15:28
-Measurements Data:
-granulPeriod: 1000
--Metric: DRB.UEThpDl, Value: [1.0]

RIC Indication Received from gnbd_208_093_00019b_0 for Subscription ID: 3, KPM Report Style: 2, UE ID: 0
E2SM_KPM RIC Indication Content:
-ColletStartTime:  2026-07-17 05:15:29
-Measurements Data:
-granulPeriod: 1000
--Metric: DRB.UEThpDl, Value: [0.0]

RIC Indication Received from gnbd_208_093_00019b_0 for Subscription ID: 3, KPM Report Style: 2, UE ID: 0
E2SM_KPM RIC Indication Content:
-ColletStartTime:  2026-07-17 05:15:30
-Measurements Data:
-granulPeriod: 1000
--Metric: DRB.UEThpDl, Value: [2.0]

RIC Indication Received from gnbd_208_093_00019b_0 for Subscription ID: 3, KPM Report Style: 2, UE ID: 0
E2SM_KPM RIC Indication Content:
-ColletStartTime:  2026-07-17 05:15:31
-Measurements Data:
-granulPeriod: 1000
--Metric: DRB.UEThpDl, Value: [0.0]

RIC Indication Received from gnbd_208_093_00019b_0 for Subscription ID: 3, KPM Report Style: 2, UE ID: 0
E2SM_KPM RIC Indication Content:
-ColletStartTime:  2026-07-17 05:15:33
-Measurements Data:
-granulPeriod: 1000
--Metric: DRB.UEThpDl, Value: [1.0]

RIC Indication Received from gnbd_208_093_00019b_0 for Subscription ID: 3, KPM Report Style: 2, UE ID: 0
E2SM_KPM RIC Indication Content:
-ColletStartTime:  2026-07-17 05:15:34
-Measurements Data:
-granulPeriod: 1000
--Metric: DRB.UEThpDl, Value: [0.0]

RIC Indication Received from gnbd_208_093_00019b_0 for Subscription ID: 3, KPM Report Style: 2, UE ID: 0
E2SM_KPM RIC Indication Content:
-ColletStartTime:  2026-07-17 05:15:35
-Measurements Data:
-granulPeriod: 1000
--Metric: DRB.UEThpDl, Value: [1.0]

RIC Indication Received from gnbd_208_093_00019b_0 for Subscription ID: 3, KPM Report Style: 2, UE ID: 0
E2SM_KPM RIC Indication Content:
-ColletStartTime:  2026-07-17 05:15:36
-Measurements Data:
-granulPeriod: 1000
--Metric: DRB.UEThpDl, Value: [0.0]

RIC Indication Received from gnbd_208_093_00019b_0 for Subscription ID: 3, KPM Report Style: 2, UE ID: 0
E2SM_KPM RIC Indication Content:
-ColletStartTime:  2026-07-17 05:15:37
-Measurements Data:
-granulPeriod: 1000
--Metric: DRB.UEThpDl, Value: [2.0]

RIC Indication Received from gnbd_208_093_00019b_0 for Subscription ID: 3, KPM Report Style: 2, UE ID: 0
E2SM_KPM RIC Indication Content:
-ColletStartTime:  2026-07-17 05:15:38
-Measurements Data:
-granulPeriod: 1000
--Metric: DRB.UEThpDl, Value: [0.0]

RIC Indication Received from gnbd_208_093_00019b_0 for Subscription ID: 3, KPM Report Style: 2, UE ID: 0
E2SM_KPM RIC Indication Content:
-ColletStartTime:  2026-07-17 05:15:40
-Measurements Data:
-granulPeriod: 1000
--Metric: DRB.UEThpDl, Value: [1.0]

RIC Indication Received from gnbd_208_093_00019b_0 for Subscription ID: 3, KPM Report Style: 2, UE ID: 0
E2SM_KPM RIC Indication Content:
-ColletStartTime:  2026-07-17 05:15:41
-Measurements Data:
-granulPeriod: 1000
--Metric: DRB.UEThpDl, Value: [0.0]

RIC Indication Received from gnbd_208_093_00019b_0 for Subscription ID: 3, KPM Report Style: 2, UE ID: 0
E2SM_KPM RIC Indication Content:
-ColletStartTime:  2026-07-17 05:15:42
-Measurements Data:
-granulPeriod: 1000
--Metric: DRB.UEThpDl, Value: [2.0]

RIC Indication Received from gnbd_208_093_00019b_0 for Subscription ID: 3, KPM Report Style: 2, UE ID: 0
E2SM_KPM RIC Indication Content:
-ColletStartTime:  2026-07-17 05:15:43
-Measurements Data:
-granulPeriod: 1000
--Metric: DRB.UEThpDl, Value: [0.0]

RIC Indication Received from gnbd_208_093_00019b_0 for Subscription ID: 3, KPM Report Style: 2, UE ID: 0
E2SM_KPM RIC Indication Content:
-ColletStartTime:  2026-07-17 05:15:45
-Measurements Data:
-granulPeriod: 1000
--Metric: DRB.UEThpDl, Value: [1.0]

RIC Indication Received from gnbd_208_093_00019b_0 for Subscription ID: 3, KPM Report Style: 2, UE ID: 0
E2SM_KPM RIC Indication Content:
-ColletStartTime:  2026-07-17 05:15:46
-Measurements Data:
-granulPeriod: 1000
--Metric: DRB.UEThpDl, Value: [0.0]

RIC Indication Received from gnbd_208_093_00019b_0 for Subscription ID: 3, KPM Report Style: 2, UE ID: 0
E2SM_KPM RIC Indication Content:
-ColletStartTime:  2026-07-17 05:15:47
-Measurements Data:
-granulPeriod: 1000
--Metric: DRB.UEThpDl, Value: [1.0]

RIC Indication Received from gnbd_208_093_00019b_0 for Subscription ID: 3, KPM Report Style: 2, UE ID: 0
E2SM_KPM RIC Indication Content:
-ColletStartTime:  2026-07-17 05:15:48
-Measurements Data:
-granulPeriod: 1000
--Metric: DRB.UEThpDl, Value: [0.0]

RIC Indication Received from gnbd_208_093_00019b_0 for Subscription ID: 3, KPM Report Style: 2, UE ID: 0
E2SM_KPM RIC Indication Content:
-ColletStartTime:  2026-07-17 05:15:49
-Measurements Data:
-granulPeriod: 1000
--Metric: DRB.UEThpDl, Value: [2.0]

RIC Indication Received from gnbd_208_093_00019b_0 for Subscription ID: 3, KPM Report Style: 2, UE ID: 0
E2SM_KPM RIC Indication Content:
-ColletStartTime:  2026-07-17 05:15:50
-Measurements Data:
-granulPeriod: 1000
--Metric: DRB.UEThpDl, Value: [0.0]

RIC Indication Received from gnbd_208_093_00019b_0 for Subscription ID: 3, KPM Report Style: 2, UE ID: 0
E2SM_KPM RIC Indication Content:
-ColletStartTime:  2026-07-17 05:15:52
-Measurements Data:
-granulPeriod: 1000
--Metric: DRB.UEThpDl, Value: [1.0]

RIC Indication Received from gnbd_208_093_00019b_0 for Subscription ID: 3, KPM Report Style: 2, UE ID: 0
E2SM_KPM RIC Indication Content:
-ColletStartTime:  2026-07-17 05:15:53
-Measurements Data:
-granulPeriod: 1000
--Metric: DRB.UEThpDl, Value: [0.0]

RIC Indication Received from gnbd_208_093_00019b_0 for Subscription ID: 3, KPM Report Style: 2, UE ID: 0
E2SM_KPM RIC Indication Content:
-ColletStartTime:  2026-07-17 05:15:54
-Measurements Data:
-granulPeriod: 1000
--Metric: DRB.UEThpDl, Value: [1.0]

RIC Indication Received from gnbd_208_093_00019b_0 for Subscription ID: 3, KPM Report Style: 2, UE ID: 0
E2SM_KPM RIC Indication Content:
-ColletStartTime:  2026-07-17 05:15:55
-Measurements Data:
-granulPeriod: 1000
--Metric: DRB.UEThpDl, Value: [0.0]

RIC Indication Received from gnbd_208_093_00019b_0 for Subscription ID: 3, KPM Report Style: 2, UE ID: 0
E2SM_KPM RIC Indication Content:
-ColletStartTime:  2026-07-17 05:15:56
-Measurements Data:
-granulPeriod: 1000
--Metric: DRB.UEThpDl, Value: [2.0]

RIC Indication Received from gnbd_208_093_00019b_0 for Subscription ID: 3, KPM Report Style: 2, UE ID: 0
E2SM_KPM RIC Indication Content:
-ColletStartTime:  2026-07-17 05:15:57
-Measurements Data:
-granulPeriod: 1000
--Metric: DRB.UEThpDl, Value: [0.0]

RIC Indication Received from gnbd_208_093_00019b_0 for Subscription ID: 3, KPM Report Style: 2, UE ID: 0
E2SM_KPM RIC Indication Content:
-ColletStartTime:  2026-07-17 05:15:59
-Measurements Data:
-granulPeriod: 1000
--Metric: DRB.UEThpDl, Value: [1.0]

RIC Indication Received from gnbd_208_093_00019b_0 for Subscription ID: 3, KPM Report Style: 2, UE ID: 0
E2SM_KPM RIC Indication Content:
-ColletStartTime:  2026-07-17 05:16:00
-Measurements Data:
-granulPeriod: 1000
--Metric: DRB.UEThpDl, Value: [0.0]

RIC Indication Received from gnbd_208_093_00019b_0 for Subscription ID: 3, KPM Report Style: 2, UE ID: 0
E2SM_KPM RIC Indication Content:
-ColletStartTime:  2026-07-17 05:16:01
-Measurements Data:
-granulPeriod: 1000
--Metric: DRB.UEThpDl, Value: [1.0]

RIC Indication Received from gnbd_208_093_00019b_0 for Subscription ID: 3, KPM Report Style: 2, UE ID: 0
E2SM_KPM RIC Indication Content:
-ColletStartTime:  2026-07-17 05:16:02
-Measurements Data:
-granulPeriod: 1000
--Metric: DRB.UEThpDl, Value: [0.0]

RIC Indication Received from gnbd_208_093_00019b_0 for Subscription ID: 3, KPM Report Style: 2, UE ID: 0
E2SM_KPM RIC Indication Content:
-ColletStartTime:  2026-07-17 05:16:03
-Measurements Data:
-granulPeriod: 1000
--Metric: DRB.UEThpDl, Value: [2.0]

RIC Indication Received from gnbd_208_093_00019b_0 for Subscription ID: 3, KPM Report Style: 2, UE ID: 0
E2SM_KPM RIC Indication Content:
-ColletStartTime:  2026-07-17 05:16:04
-Measurements Data:
-granulPeriod: 1000
--Metric: DRB.UEThpDl, Value: [0.0]

RIC Indication Received from gnbd_208_093_00019b_0 for Subscription ID: 3, KPM Report Style: 2, UE ID: 0
E2SM_KPM RIC Indication Content:
-ColletStartTime:  2026-07-17 05:16:06
-Measurements Data:
-granulPeriod: 1000
--Metric: DRB.UEThpDl, Value: [1.0]

RIC Indication Received from gnbd_208_093_00019b_0 for Subscription ID: 3, KPM Report Style: 2, UE ID: 0
E2SM_KPM RIC Indication Content:
-ColletStartTime:  2026-07-17 05:16:07
-Measurements Data:
-granulPeriod: 1000
--Metric: DRB.UEThpDl, Value: [0.0]

RIC Indication Received from gnbd_208_093_00019b_0 for Subscription ID: 3, KPM Report Style: 2, UE ID: 0
E2SM_KPM RIC Indication Content:
-ColletStartTime:  2026-07-17 05:16:08
-Measurements Data:
-granulPeriod: 1000
--Metric: DRB.UEThpDl, Value: [1.0]

RIC Indication Received from gnbd_208_093_00019b_0 for Subscription ID: 3, KPM Report Style: 2, UE ID: 0
E2SM_KPM RIC Indication Content:
-ColletStartTime:  2026-07-17 05:16:09
-Measurements Data:
-granulPeriod: 1000
--Metric: DRB.UEThpDl, Value: [0.0]

RIC Indication Received from gnbd_208_093_00019b_0 for Subscription ID: 3, KPM Report Style: 2, UE ID: 0
E2SM_KPM RIC Indication Content:
-ColletStartTime:  2026-07-17 05:16:10
-Measurements Data:
-granulPeriod: 1000
--Metric: DRB.UEThpDl, Value: [2.0]

RIC Indication Received from gnbd_208_093_00019b_0 for Subscription ID: 3, KPM Report Style: 2, UE ID: 0
E2SM_KPM RIC Indication Content:
-ColletStartTime:  2026-07-17 05:16:11
-Measurements Data:
-granulPeriod: 1000
--Metric: DRB.UEThpDl, Value: [0.0]

RIC Indication Received from gnbd_208_093_00019b_0 for Subscription ID: 3, KPM Report Style: 2, UE ID: 0
E2SM_KPM RIC Indication Content:
-ColletStartTime:  2026-07-17 05:16:12
-Measurements Data:
-granulPeriod: 1000
--Metric: DRB.UEThpDl, Value: [1.0]

RIC Indication Received from gnbd_208_093_00019b_0 for Subscription ID: 3, KPM Report Style: 2, UE ID: 0
E2SM_KPM RIC Indication Content:
-ColletStartTime:  2026-07-17 05:16:14
-Measurements Data:
-granulPeriod: 1000
--Metric: DRB.UEThpDl, Value: [0.0]

RIC Indication Received from gnbd_208_093_00019b_0 for Subscription ID: 3, KPM Report Style: 2, UE ID: 0
E2SM_KPM RIC Indication Content:
-ColletStartTime:  2026-07-17 05:16:15
-Measurements Data:
-granulPeriod: 1000
--Metric: DRB.UEThpDl, Value: [1.0]

RIC Indication Received from gnbd_208_093_00019b_0 for Subscription ID: 3, KPM Report Style: 2, UE ID: 0
E2SM_KPM RIC Indication Content:
-ColletStartTime:  2026-07-17 05:16:16
-Measurements Data:
-granulPeriod: 1000
--Metric: DRB.UEThpDl, Value: [0.0]

RIC Indication Received from gnbd_208_093_00019b_0 for Subscription ID: 3, KPM Report Style: 2, UE ID: 0
E2SM_KPM RIC Indication Content:
-ColletStartTime:  2026-07-17 05:16:17
-Measurements Data:
-granulPeriod: 1000
--Metric: DRB.UEThpDl, Value: [2.0]

RIC Indication Received from gnbd_208_093_00019b_0 for Subscription ID: 3, KPM Report Style: 2, UE ID: 0
E2SM_KPM RIC Indication Content:
-ColletStartTime:  2026-07-17 05:16:18
-Measurements Data:
-granulPeriod: 1000
--Metric: DRB.UEThpDl, Value: [0.0]

RIC Indication Received from gnbd_208_093_00019b_0 for Subscription ID: 3, KPM Report Style: 2, UE ID: 0
E2SM_KPM RIC Indication Content:
-ColletStartTime:  2026-07-17 05:16:19
-Measurements Data:
-granulPeriod: 1000
--Metric: DRB.UEThpDl, Value: [1.0]

RIC Indication Received from gnbd_208_093_00019b_0 for Subscription ID: 3, KPM Report Style: 2, UE ID: 0
E2SM_KPM RIC Indication Content:
-ColletStartTime:  2026-07-17 05:16:21
-Measurements Data:
-granulPeriod: 1000
--Metric: DRB.UEThpDl, Value: [0.0]

RIC Indication Received from gnbd_208_093_00019b_0 for Subscription ID: 3, KPM Report Style: 2, UE ID: 0
E2SM_KPM RIC Indication Content:
-ColletStartTime:  2026-07-17 05:16:22
-Measurements Data:
-granulPeriod: 1000
--Metric: DRB.UEThpDl, Value: [1.0]

RIC Indication Received from gnbd_208_093_00019b_0 for Subscription ID: 3, KPM Report Style: 2, UE ID: 0
E2SM_KPM RIC Indication Content:
-ColletStartTime:  2026-07-17 05:16:23
-Measurements Data:
-granulPeriod: 1000
--Metric: DRB.UEThpDl, Value: [0.0]

RIC Indication Received from gnbd_208_093_00019b_0 for Subscription ID: 3, KPM Report Style: 2, UE ID: 0
E2SM_KPM RIC Indication Content:
-ColletStartTime:  2026-07-17 05:16:24
-Measurements Data:
-granulPeriod: 1000
--Metric: DRB.UEThpDl, Value: [2.0]

RIC Indication Received from gnbd_208_093_00019b_0 for Subscription ID: 3, KPM Report Style: 2, UE ID: 0
E2SM_KPM RIC Indication Content:
-ColletStartTime:  2026-07-17 05:16:25
-Measurements Data:
-granulPeriod: 1000
--Metric: DRB.UEThpDl, Value: [0.0]

RIC Indication Received from gnbd_208_093_00019b_0 for Subscription ID: 3, KPM Report Style: 2, UE ID: 0
E2SM_KPM RIC Indication Content:
-ColletStartTime:  2026-07-17 05:16:27
-Measurements Data:
-granulPeriod: 1000
--Metric: DRB.UEThpDl, Value: [1.0]

RIC Indication Received from gnbd_208_093_00019b_0 for Subscription ID: 3, KPM Report Style: 2, UE ID: 0
E2SM_KPM RIC Indication Content:
-ColletStartTime:  2026-07-17 05:16:28
-Measurements Data:
-granulPeriod: 1000
--Metric: DRB.UEThpDl, Value: [0.0]

RIC Indication Received from gnbd_208_093_00019b_0 for Subscription ID: 3, KPM Report Style: 2, UE ID: 0
E2SM_KPM RIC Indication Content:
-ColletStartTime:  2026-07-17 05:16:29
-Measurements Data:
-granulPeriod: 1000
--Metric: DRB.UEThpDl, Value: [2.0]

RIC Indication Received from gnbd_208_093_00019b_0 for Subscription ID: 3, KPM Report Style: 2, UE ID: 0
E2SM_KPM RIC Indication Content:
-ColletStartTime:  2026-07-17 05:16:30
-Measurements Data:
-granulPeriod: 1000
--Metric: DRB.UEThpDl, Value: [0.0]

RIC Indication Received from gnbd_208_093_00019b_0 for Subscription ID: 3, KPM Report Style: 2, UE ID: 0
E2SM_KPM RIC Indication Content:
-ColletStartTime:  2026-07-17 05:16:32
-Measurements Data:
-granulPeriod: 1000
--Metric: DRB.UEThpDl, Value: [1.0]

RIC Indication Received from gnbd_208_093_00019b_0 for Subscription ID: 3, KPM Report Style: 2, UE ID: 0
E2SM_KPM RIC Indication Content:
-ColletStartTime:  2026-07-17 05:16:33
-Measurements Data:
-granulPeriod: 1000
--Metric: DRB.UEThpDl, Value: [0.0]

RIC Indication Received from gnbd_208_093_00019b_0 for Subscription ID: 3, KPM Report Style: 2, UE ID: 0
E2SM_KPM RIC Indication Content:
-ColletStartTime:  2026-07-17 05:16:34
-Measurements Data:
-granulPeriod: 1000
--Metric: DRB.UEThpDl, Value: [2.0]

RIC Indication Received from gnbd_208_093_00019b_0 for Subscription ID: 3, KPM Report Style: 2, UE ID: 0
E2SM_KPM RIC Indication Content:
-ColletStartTime:  2026-07-17 05:16:35
-Measurements Data:
-granulPeriod: 1000
--Metric: DRB.UEThpDl, Value: [0.0]

RIC Indication Received from gnbd_208_093_00019b_0 for Subscription ID: 3, KPM Report Style: 2, UE ID: 0
E2SM_KPM RIC Indication Content:
-ColletStartTime:  2026-07-17 05:16:36
-Measurements Data:
-granulPeriod: 1000
--Metric: DRB.UEThpDl, Value: [1.0]

RIC Indication Received from gnbd_208_093_00019b_0 for Subscription ID: 3, KPM Report Style: 2, UE ID: 0
E2SM_KPM RIC Indication Content:
-ColletStartTime:  2026-07-17 05:16:38
-Measurements Data:
-granulPeriod: 1000
--Metric: DRB.UEThpDl, Value: [0.0]

RIC Indication Received from gnbd_208_093_00019b_0 for Subscription ID: 3, KPM Report Style: 2, UE ID: 0
E2SM_KPM RIC Indication Content:
-ColletStartTime:  2026-07-17 05:16:39
-Measurements Data:
-granulPeriod: 1000
--Metric: DRB.UEThpDl, Value: [1.0]

RIC Indication Received from gnbd_208_093_00019b_0 for Subscription ID: 3, KPM Report Style: 2, UE ID: 0
E2SM_KPM RIC Indication Content:
-ColletStartTime:  2026-07-17 05:16:40
-Measurements Data:
-granulPeriod: 1000
--Metric: DRB.UEThpDl, Value: [0.0]

RIC Indication Received from gnbd_208_093_00019b_0 for Subscription ID: 3, KPM Report Style: 2, UE ID: 0
E2SM_KPM RIC Indication Content:
-ColletStartTime:  2026-07-17 05:16:41
-Measurements Data:
-granulPeriod: 1000
--Metric: DRB.UEThpDl, Value: [2.0]

RIC Indication Received from gnbd_208_093_00019b_0 for Subscription ID: 3, KPM Report Style: 2, UE ID: 0
E2SM_KPM RIC Indication Content:
-ColletStartTime:  2026-07-17 05:16:42
-Measurements Data:
-granulPeriod: 1000
--Metric: DRB.UEThpDl, Value: [0.0]

RIC Indication Received from gnbd_208_093_00019b_0 for Subscription ID: 3, KPM Report Style: 2, UE ID: 0
E2SM_KPM RIC Indication Content:
-ColletStartTime:  2026-07-17 05:16:44
-Measurements Data:
-granulPeriod: 1000
--Metric: DRB.UEThpDl, Value: [1.0]

RIC Indication Received from gnbd_208_093_00019b_0 for Subscription ID: 3, KPM Report Style: 2, UE ID: 0
E2SM_KPM RIC Indication Content:
-ColletStartTime:  2026-07-17 05:16:45
-Measurements Data:
-granulPeriod: 1000
--Metric: DRB.UEThpDl, Value: [0.0]

RIC Indication Received from gnbd_208_093_00019b_0 for Subscription ID: 3, KPM Report Style: 2, UE ID: 0
E2SM_KPM RIC Indication Content:
-ColletStartTime:  2026-07-17 05:16:46
-Measurements Data:
-granulPeriod: 1000
--Metric: DRB.UEThpDl, Value: [2.0]

RIC Indication Received from gnbd_208_093_00019b_0 for Subscription ID: 3, KPM Report Style: 2, UE ID: 0
E2SM_KPM RIC Indication Content:
-ColletStartTime:  2026-07-17 05:16:47
-Measurements Data:
-granulPeriod: 1000
--Metric: DRB.UEThpDl, Value: [0.0]

RIC Indication Received from gnbd_208_093_00019b_0 for Subscription ID: 3, KPM Report Style: 2, UE ID: 0
E2SM_KPM RIC Indication Content:
-ColletStartTime:  2026-07-17 05:16:48
-Measurements Data:
-granulPeriod: 1000
--Metric: DRB.UEThpDl, Value: [1.0]

RIC Indication Received from gnbd_208_093_00019b_0 for Subscription ID: 3, KPM Report Style: 2, UE ID: 0
E2SM_KPM RIC Indication Content:
-ColletStartTime:  2026-07-17 05:16:50
-Measurements Data:
-granulPeriod: 1000
--Metric: DRB.UEThpDl, Value: [0.0]

RIC Indication Received from gnbd_208_093_00019b_0 for Subscription ID: 3, KPM Report Style: 2, UE ID: 0
E2SM_KPM RIC Indication Content:
-ColletStartTime:  2026-07-17 05:16:51
-Measurements Data:
-granulPeriod: 1000
--Metric: DRB.UEThpDl, Value: [1.0]

RIC Indication Received from gnbd_208_093_00019b_0 for Subscription ID: 3, KPM Report Style: 2, UE ID: 0
E2SM_KPM RIC Indication Content:
-ColletStartTime:  2026-07-17 05:16:52
-Measurements Data:
-granulPeriod: 1000
--Metric: DRB.UEThpDl, Value: [0.0]

RIC Indication Received from gnbd_208_093_00019b_0 for Subscription ID: 3, KPM Report Style: 2, UE ID: 0
E2SM_KPM RIC Indication Content:
-ColletStartTime:  2026-07-17 05:16:53
-Measurements Data:
-granulPeriod: 1000
--Metric: DRB.UEThpDl, Value: [2.0]

RIC Indication Received from gnbd_208_093_00019b_0 for Subscription ID: 3, KPM Report Style: 2, UE ID: 0
E2SM_KPM RIC Indication Content:
-ColletStartTime:  2026-07-17 05:16:54
-Measurements Data:
-granulPeriod: 1000
--Metric: DRB.UEThpDl, Value: [0.0]

RIC Indication Received from gnbd_208_093_00019b_0 for Subscription ID: 3, KPM Report Style: 2, UE ID: 0
E2SM_KPM RIC Indication Content:
-ColletStartTime:  2026-07-17 05:16:56
-Measurements Data:
-granulPeriod: 1000
--Metric: DRB.UEThpDl, Value: [1.0]

RIC Indication Received from gnbd_208_093_00019b_0 for Subscription ID: 3, KPM Report Style: 2, UE ID: 0
E2SM_KPM RIC Indication Content:
-ColletStartTime:  2026-07-17 05:16:57
-Measurements Data:
-granulPeriod: 1000
--Metric: DRB.UEThpDl, Value: [0.0]

RIC Indication Received from gnbd_208_093_00019b_0 for Subscription ID: 3, KPM Report Style: 2, UE ID: 0
E2SM_KPM RIC Indication Content:
-ColletStartTime:  2026-07-17 05:16:58
-Measurements Data:
-granulPeriod: 1000
--Metric: DRB.UEThpDl, Value: [2.0]

RIC Indication Received from gnbd_208_093_00019b_0 for Subscription ID: 3, KPM Report Style: 2, UE ID: 0
E2SM_KPM RIC Indication Content:
-ColletStartTime:  2026-07-17 05:16:59
-Measurements Data:
-granulPeriod: 1000
--Metric: DRB.UEThpDl, Value: [0.0]

RIC Indication Received from gnbd_208_093_00019b_0 for Subscription ID: 3, KPM Report Style: 2, UE ID: 0
E2SM_KPM RIC Indication Content:
-ColletStartTime:  2026-07-17 05:17:01
-Measurements Data:
-granulPeriod: 1000
--Metric: DRB.UEThpDl, Value: [1.0]

RIC Indication Received from gnbd_208_093_00019b_0 for Subscription ID: 3, KPM Report Style: 2, UE ID: 0
E2SM_KPM RIC Indication Content:
-ColletStartTime:  2026-07-17 05:17:02
-Measurements Data:
-granulPeriod: 1000
--Metric: DRB.UEThpDl, Value: [0.0]

RIC Indication Received from gnbd_208_093_00019b_0 for Subscription ID: 3, KPM Report Style: 2, UE ID: 0
E2SM_KPM RIC Indication Content:
-ColletStartTime:  2026-07-17 05:17:03
-Measurements Data:
-granulPeriod: 1000
--Metric: DRB.UEThpDl, Value: [2.0]

RIC Indication Received from gnbd_208_093_00019b_0 for Subscription ID: 3, KPM Report Style: 2, UE ID: 0
E2SM_KPM RIC Indication Content:
-ColletStartTime:  2026-07-17 05:17:04
-Measurements Data:
-granulPeriod: 1000
--Metric: DRB.UEThpDl, Value: [0.0]

RIC Indication Received from gnbd_208_093_00019b_0 for Subscription ID: 3, KPM Report Style: 2, UE ID: 0
E2SM_KPM RIC Indication Content:
-ColletStartTime:  2026-07-17 05:17:06
-Measurements Data:
-granulPeriod: 1000
--Metric: DRB.UEThpDl, Value: [1.0]

RIC Indication Received from gnbd_208_093_00019b_0 for Subscription ID: 3, KPM Report Style: 2, UE ID: 0
E2SM_KPM RIC Indication Content:
-ColletStartTime:  2026-07-17 05:17:07
-Measurements Data:
-granulPeriod: 1000
--Metric: DRB.UEThpDl, Value: [0.0]

RIC Indication Received from gnbd_208_093_00019b_0 for Subscription ID: 3, KPM Report Style: 2, UE ID: 0
E2SM_KPM RIC Indication Content:
-ColletStartTime:  2026-07-17 05:17:08
-Measurements Data:
-granulPeriod: 1000
--Metric: DRB.UEThpDl, Value: [1.0]

RIC Indication Received from gnbd_208_093_00019b_0 for Subscription ID: 3, KPM Report Style: 2, UE ID: 0
E2SM_KPM RIC Indication Content:
-ColletStartTime:  2026-07-17 05:17:10
-Measurements Data:
-granulPeriod: 1000
--Metric: DRB.UEThpDl, Value: [0.0]

RIC Indication Received from gnbd_208_093_00019b_0 for Subscription ID: 3, KPM Report Style: 2, UE ID: 0
E2SM_KPM RIC Indication Content:
-ColletStartTime:  2026-07-17 05:17:11
-Measurements Data:
-granulPeriod: 1000
--Metric: DRB.UEThpDl, Value: [1.0]

RIC Indication Received from gnbd_208_093_00019b_0 for Subscription ID: 3, KPM Report Style: 2, UE ID: 0
E2SM_KPM RIC Indication Content:
-ColletStartTime:  2026-07-17 05:17:12
-Measurements Data:
-granulPeriod: 1000
--Metric: DRB.UEThpDl, Value: [0.0]

RIC Indication Received from gnbd_208_093_00019b_0 for Subscription ID: 3, KPM Report Style: 2, UE ID: 0
E2SM_KPM RIC Indication Content:
-ColletStartTime:  2026-07-17 05:17:14
-Measurements Data:
-granulPeriod: 1000
--Metric: DRB.UEThpDl, Value: [1.0]

RIC Indication Received from gnbd_208_093_00019b_0 for Subscription ID: 3, KPM Report Style: 2, UE ID: 0
E2SM_KPM RIC Indication Content:
-ColletStartTime:  2026-07-17 05:17:15
-Measurements Data:
-granulPeriod: 1000
--Metric: DRB.UEThpDl, Value: [0.0]

RIC Indication Received from gnbd_208_093_00019b_0 for Subscription ID: 3, KPM Report Style: 2, UE ID: 0
E2SM_KPM RIC Indication Content:
-ColletStartTime:  2026-07-17 05:17:16
-Measurements Data:
-granulPeriod: 1000
--Metric: DRB.UEThpDl, Value: [2.0]

RIC Indication Received from gnbd_208_093_00019b_0 for Subscription ID: 3, KPM Report Style: 2, UE ID: 0
E2SM_KPM RIC Indication Content:
-ColletStartTime:  2026-07-17 05:17:18
-Measurements Data:
-granulPeriod: 1000
--Metric: DRB.UEThpDl, Value: [0.0]

RIC Indication Received from gnbd_208_093_00019b_0 for Subscription ID: 3, KPM Report Style: 2, UE ID: 0
E2SM_KPM RIC Indication Content:
-ColletStartTime:  2026-07-17 05:17:19
-Measurements Data:
-granulPeriod: 1000
--Metric: DRB.UEThpDl, Value: [1.0]

RIC Indication Received from gnbd_208_093_00019b_0 for Subscription ID: 3, KPM Report Style: 2, UE ID: 0
E2SM_KPM RIC Indication Content:
-ColletStartTime:  2026-07-17 05:17:20
-Measurements Data:
-granulPeriod: 1000
--Metric: DRB.UEThpDl, Value: [0.0]

RIC Indication Received from gnbd_208_093_00019b_0 for Subscription ID: 3, KPM Report Style: 2, UE ID: 0
E2SM_KPM RIC Indication Content:
-ColletStartTime:  2026-07-17 05:17:22
-Measurements Data:
-granulPeriod: 1000
--Metric: DRB.UEThpDl, Value: [2.0]

RIC Indication Received from gnbd_208_093_00019b_0 for Subscription ID: 3, KPM Report Style: 2, UE ID: 0
E2SM_KPM RIC Indication Content:
-ColletStartTime:  2026-07-17 05:17:23
-Measurements Data:
-granulPeriod: 1000
--Metric: DRB.UEThpDl, Value: [0.0]

RIC Indication Received from gnbd_208_093_00019b_0 for Subscription ID: 3, KPM Report Style: 2, UE ID: 0
E2SM_KPM RIC Indication Content:
-ColletStartTime:  2026-07-17 05:17:24
-Measurements Data:
-granulPeriod: 1000
--Metric: DRB.UEThpDl, Value: [1.0]

RIC Indication Received from gnbd_208_093_00019b_0 for Subscription ID: 3, KPM Report Style: 2, UE ID: 0
E2SM_KPM RIC Indication Content:
-ColletStartTime:  2026-07-17 05:17:26
-Measurements Data:
-granulPeriod: 1000
--Metric: DRB.UEThpDl, Value: [0.0]

RIC Indication Received from gnbd_208_093_00019b_0 for Subscription ID: 3, KPM Report Style: 2, UE ID: 0
E2SM_KPM RIC Indication Content:
-ColletStartTime:  2026-07-17 05:17:27
-Measurements Data:
-granulPeriod: 1000
--Metric: DRB.UEThpDl, Value: [1.0]

RIC Indication Received from gnbd_208_093_00019b_0 for Subscription ID: 3, KPM Report Style: 2, UE ID: 0
E2SM_KPM RIC Indication Content:
-ColletStartTime:  2026-07-17 05:17:28
-Measurements Data:
-granulPeriod: 1000
--Metric: DRB.UEThpDl, Value: [0.0]

RIC Indication Received from gnbd_208_093_00019b_0 for Subscription ID: 3, KPM Report Style: 2, UE ID: 0
E2SM_KPM RIC Indication Content:
-ColletStartTime:  2026-07-17 05:17:29
-Measurements Data:
-granulPeriod: 1000
--Metric: DRB.UEThpDl, Value: [2.0]

RIC Indication Received from gnbd_208_093_00019b_0 for Subscription ID: 3, KPM Report Style: 2, UE ID: 0
E2SM_KPM RIC Indication Content:
-ColletStartTime:  2026-07-17 05:17:31
-Measurements Data:
-granulPeriod: 1000
--Metric: DRB.UEThpDl, Value: [0.0]

RIC Indication Received from gnbd_208_093_00019b_0 for Subscription ID: 3, KPM Report Style: 2, UE ID: 0
E2SM_KPM RIC Indication Content:
-ColletStartTime:  2026-07-17 05:17:32
-Measurements Data:
-granulPeriod: 1000
--Metric: DRB.UEThpDl, Value: [1.0]

RIC Indication Received from gnbd_208_093_00019b_0 for Subscription ID: 3, KPM Report Style: 2, UE ID: 0
E2SM_KPM RIC Indication Content:
-ColletStartTime:  2026-07-17 05:17:33
-Measurements Data:
-granulPeriod: 1000
--Metric: DRB.UEThpDl, Value: [0.0]

RIC Indication Received from gnbd_208_093_00019b_0 for Subscription ID: 3, KPM Report Style: 2, UE ID: 0
E2SM_KPM RIC Indication Content:
-ColletStartTime:  2026-07-17 05:17:34
-Measurements Data:
-granulPeriod: 1000
--Metric: DRB.UEThpDl, Value: [2.0]

RIC Indication Received from gnbd_208_093_00019b_0 for Subscription ID: 3, KPM Report Style: 2, UE ID: 0
E2SM_KPM RIC Indication Content:
-ColletStartTime:  2026-07-17 05:17:36
-Measurements Data:
-granulPeriod: 1000
--Metric: DRB.UEThpDl, Value: [0.0]

RIC Indication Received from gnbd_208_093_00019b_0 for Subscription ID: 3, KPM Report Style: 2, UE ID: 0
E2SM_KPM RIC Indication Content:
-ColletStartTime:  2026-07-17 05:17:37
-Measurements Data:
-granulPeriod: 1000
--Metric: DRB.UEThpDl, Value: [1.0]

RIC Indication Received from gnbd_208_093_00019b_0 for Subscription ID: 3, KPM Report Style: 2, UE ID: 0
E2SM_KPM RIC Indication Content:
-ColletStartTime:  2026-07-17 05:17:38
-Measurements Data:
-granulPeriod: 1000
--Metric: DRB.UEThpDl, Value: [0.0]

RIC Indication Received from gnbd_208_093_00019b_0 for Subscription ID: 3, KPM Report Style: 2, UE ID: 0
E2SM_KPM RIC Indication Content:
-ColletStartTime:  2026-07-17 05:17:40
-Measurements Data:
-granulPeriod: 1000
--Metric: DRB.UEThpDl, Value: [2.0]

RIC Indication Received from gnbd_208_093_00019b_0 for Subscription ID: 3, KPM Report Style: 2, UE ID: 0
E2SM_KPM RIC Indication Content:
-ColletStartTime:  2026-07-17 05:17:41
-Measurements Data:
-granulPeriod: 1000
--Metric: DRB.UEThpDl, Value: [0.0]

RIC Indication Received from gnbd_208_093_00019b_0 for Subscription ID: 3, KPM Report Style: 2, UE ID: 0
E2SM_KPM RIC Indication Content:
-ColletStartTime:  2026-07-17 05:17:42
-Measurements Data:
-granulPeriod: 1000
--Metric: DRB.UEThpDl, Value: [1.0]

RIC Indication Received from gnbd_208_093_00019b_0 for Subscription ID: 3, KPM Report Style: 2, UE ID: 0
E2SM_KPM RIC Indication Content:
-ColletStartTime:  2026-07-17 05:17:43
-Measurements Data:
-granulPeriod: 1000
--Metric: DRB.UEThpDl, Value: [0.0]

RIC Indication Received from gnbd_208_093_00019b_0 for Subscription ID: 3, KPM Report Style: 2, UE ID: 0
E2SM_KPM RIC Indication Content:
-ColletStartTime:  2026-07-17 05:17:45
-Measurements Data:
-granulPeriod: 1000
--Metric: DRB.UEThpDl, Value: [0.0]

RIC Indication Received from gnbd_208_093_00019b_0 for Subscription ID: 3, KPM Report Style: 2, UE ID: 0
E2SM_KPM RIC Indication Content:
-ColletStartTime:  2026-07-17 05:17:46
-Measurements Data:
-granulPeriod: 1000
--Metric: DRB.UEThpDl, Value: [0.0]

RIC Indication Received from gnbd_208_093_00019b_0 for Subscription ID: 3, KPM Report Style: 2, UE ID: 0
E2SM_KPM RIC Indication Content:
-ColletStartTime:  2026-07-17 05:17:47
-Measurements Data:
-granulPeriod: 1000
--Metric: DRB.UEThpDl, Value: [0.0]

RIC Indication Received from gnbd_208_093_00019b_0 for Subscription ID: 3, KPM Report Style: 2, UE ID: 0
E2SM_KPM RIC Indication Content:
-ColletStartTime:  2026-07-17 05:17:49
-Measurements Data:
-granulPeriod: 1000
--Metric: DRB.UEThpDl, Value: [0.0]

RIC Indication Received from gnbd_208_093_00019b_0 for Subscription ID: 3, KPM Report Style: 2, UE ID: 0
E2SM_KPM RIC Indication Content:
-ColletStartTime:  2026-07-17 05:17:50
-Measurements Data:
-granulPeriod: 1000
--Metric: DRB.UEThpDl, Value: [0.0]

RIC Indication Received from gnbd_208_093_00019b_0 for Subscription ID: 3, KPM Report Style: 2, UE ID: 0
E2SM_KPM RIC Indication Content:
-ColletStartTime:  2026-07-17 05:17:51
-Measurements Data:
-granulPeriod: 1000
--Metric: DRB.UEThpDl, Value: [0.0]

RIC Indication Received from gnbd_208_093_00019b_0 for Subscription ID: 3, KPM Report Style: 2, UE ID: 0
E2SM_KPM RIC Indication Content:
-ColletStartTime:  2026-07-17 05:17:52
-Measurements Data:
-granulPeriod: 1000
--Metric: DRB.UEThpDl, Value: [0.0]

RIC Indication Received from gnbd_208_093_00019b_0 for Subscription ID: 3, KPM Report Style: 2, UE ID: 0
E2SM_KPM RIC Indication Content:
-ColletStartTime:  2026-07-17 05:17:53
-Measurements Data:
-granulPeriod: 1000
--Metric: DRB.UEThpDl, Value: [0.0]

RIC Indication Received from gnbd_208_093_00019b_0 for Subscription ID: 3, KPM Report Style: 2, UE ID: 0
E2SM_KPM RIC Indication Content:
-ColletStartTime:  2026-07-17 05:17:55
-Measurements Data:
-granulPeriod: 1000
--Metric: DRB.UEThpDl, Value: [0.0]

RIC Indication Received from gnbd_208_093_00019b_0 for Subscription ID: 3, KPM Report Style: 2, UE ID: 0
E2SM_KPM RIC Indication Content:
-ColletStartTime:  2026-07-17 05:17:56
-Measurements Data:
-granulPeriod: 1000
--Metric: DRB.UEThpDl, Value: [0.0]

RIC Indication Received from gnbd_208_093_00019b_0 for Subscription ID: 3, KPM Report Style: 2, UE ID: 0
E2SM_KPM RIC Indication Content:
-ColletStartTime:  2026-07-17 05:17:57
-Measurements Data:
-granulPeriod: 1000
--Metric: DRB.UEThpDl, Value: [0.0]

RIC Indication Received from gnbd_208_093_00019b_0 for Subscription ID: 3, KPM Report Style: 2, UE ID: 0
E2SM_KPM RIC Indication Content:
-ColletStartTime:  2026-07-17 05:17:58
-Measurements Data:
-granulPeriod: 1000
--Metric: DRB.UEThpDl, Value: [0.0]

RIC Indication Received from gnbd_208_093_00019b_0 for Subscription ID: 3, KPM Report Style: 2, UE ID: 0
E2SM_KPM RIC Indication Content:
-ColletStartTime:  2026-07-17 05:18:00
-Measurements Data:
-granulPeriod: 1000
--Metric: DRB.UEThpDl, Value: [0.0]

RIC Indication Received from gnbd_208_093_00019b_0 for Subscription ID: 3, KPM Report Style: 2, UE ID: 0
E2SM_KPM RIC Indication Content:
-ColletStartTime:  2026-07-17 05:18:01
-Measurements Data:
-granulPeriod: 1000
--Metric: DRB.UEThpDl, Value: [0.0]

RIC Indication Received from gnbd_208_093_00019b_0 for Subscription ID: 3, KPM Report Style: 2, UE ID: 0
E2SM_KPM RIC Indication Content:
-ColletStartTime:  2026-07-17 05:18:02
-Measurements Data:
-granulPeriod: 1000
--Metric: DRB.UEThpDl, Value: [0.0]

RIC Indication Received from gnbd_208_093_00019b_0 for Subscription ID: 3, KPM Report Style: 2, UE ID: 0
E2SM_KPM RIC Indication Content:
-ColletStartTime:  2026-07-17 05:18:03
-Measurements Data:
-granulPeriod: 1000
--Metric: DRB.UEThpDl, Value: [0.0]

RIC Indication Received from gnbd_208_093_00019b_0 for Subscription ID: 3, KPM Report Style: 2, UE ID: 0
E2SM_KPM RIC Indication Content:
-ColletStartTime:  2026-07-17 05:18:05
-Measurements Data:
-granulPeriod: 1000
--Metric: DRB.UEThpDl, Value: [0.0]

RIC Indication Received from gnbd_208_093_00019b_0 for Subscription ID: 3, KPM Report Style: 2, UE ID: 0
E2SM_KPM RIC Indication Content:
-ColletStartTime:  2026-07-17 05:18:06
-Measurements Data:
-granulPeriod: 1000
--Metric: DRB.UEThpDl, Value: [0.0]

RIC Indication Received from gnbd_208_093_00019b_0 for Subscription ID: 3, KPM Report Style: 2, UE ID: 0
E2SM_KPM RIC Indication Content:
-ColletStartTime:  2026-07-17 05:18:07
-Measurements Data:
-granulPeriod: 1000
--Metric: DRB.UEThpDl, Value: [0.0]

RIC Indication Received from gnbd_208_093_00019b_0 for Subscription ID: 3, KPM Report Style: 2, UE ID: 0
E2SM_KPM RIC Indication Content:
-ColletStartTime:  2026-07-17 05:18:08
-Measurements Data:
-granulPeriod: 1000
--Metric: DRB.UEThpDl, Value: [0.0]

RIC Indication Received from gnbd_208_093_00019b_0 for Subscription ID: 3, KPM Report Style: 2, UE ID: 0
E2SM_KPM RIC Indication Content:
-ColletStartTime:  2026-07-17 05:18:09
-Measurements Data:
-granulPeriod: 1000
--Metric: DRB.UEThpDl, Value: [0.0]

RIC Indication Received from gnbd_208_093_00019b_0 for Subscription ID: 3, KPM Report Style: 2, UE ID: 0
E2SM_KPM RIC Indication Content:
-ColletStartTime:  2026-07-17 05:18:11
-Measurements Data:
-granulPeriod: 1000
--Metric: DRB.UEThpDl, Value: [0.0]

RIC Indication Received from gnbd_208_093_00019b_0 for Subscription ID: 3, KPM Report Style: 2, UE ID: 0
E2SM_KPM RIC Indication Content:
-ColletStartTime:  2026-07-17 05:18:13
-Measurements Data:
-granulPeriod: 1000
--Metric: DRB.UEThpDl, Value: [51333.0]

RIC Indication Received from gnbd_208_093_00019b_0 for Subscription ID: 3, KPM Report Style: 2, UE ID: 0
E2SM_KPM RIC Indication Content:
-ColletStartTime:  2026-07-17 05:18:15
-Measurements Data:
-granulPeriod: 1000
--Metric: DRB.UEThpDl, Value: [0.0]

RIC Indication Received from gnbd_208_093_00019b_0 for Subscription ID: 3, KPM Report Style: 2, UE ID: 0
E2SM_KPM RIC Indication Content:
-ColletStartTime:  2026-07-17 05:18:17
-Measurements Data:
-granulPeriod: 1000
--Metric: DRB.UEThpDl, Value: [37489.0]

RIC Indication Received from gnbd_208_093_00019b_0 for Subscription ID: 3, KPM Report Style: 2, UE ID: 0
E2SM_KPM RIC Indication Content:
-ColletStartTime:  2026-07-17 05:18:19
-Measurements Data:
-granulPeriod: 1000
--Metric: DRB.UEThpDl, Value: [0.0]

RIC Indication Received from gnbd_208_093_00019b_0 for Subscription ID: 3, KPM Report Style: 2, UE ID: 0
E2SM_KPM RIC Indication Content:
-ColletStartTime:  2026-07-17 05:18:21
-Measurements Data:
-granulPeriod: 1000
--Metric: DRB.UEThpDl, Value: [24096.0]

RIC Indication Received from gnbd_208_093_00019b_0 for Subscription ID: 3, KPM Report Style: 2, UE ID: 0
E2SM_KPM RIC Indication Content:
-ColletStartTime:  2026-07-17 05:18:22
-Measurements Data:
-granulPeriod: 1000
--Metric: DRB.UEThpDl, Value: [0.0]

RIC Indication Received from gnbd_208_093_00019b_0 for Subscription ID: 3, KPM Report Style: 2, UE ID: 0
E2SM_KPM RIC Indication Content:
-ColletStartTime:  2026-07-17 05:18:23
-Measurements Data:
-granulPeriod: 1000
--Metric: DRB.UEThpDl, Value: [0.0]

RIC Indication Received from gnbd_208_093_00019b_0 for Subscription ID: 3, KPM Report Style: 2, UE ID: 0
E2SM_KPM RIC Indication Content:
-ColletStartTime:  2026-07-17 05:18:25
-Measurements Data:
-granulPeriod: 1000
--Metric: DRB.UEThpDl, Value: [0.0]

RIC Indication Received from gnbd_208_093_00019b_0 for Subscription ID: 3, KPM Report Style: 2, UE ID: 0
E2SM_KPM RIC Indication Content:
-ColletStartTime:  2026-07-17 05:18:26
-Measurements Data:
-granulPeriod: 1000
--Metric: DRB.UEThpDl, Value: [0.0]

RIC Indication Received from gnbd_208_093_00019b_0 for Subscription ID: 3, KPM Report Style: 2, UE ID: 0
E2SM_KPM RIC Indication Content:
-ColletStartTime:  2026-07-17 05:18:27
-Measurements Data:
-granulPeriod: 1000
--Metric: DRB.UEThpDl, Value: [0.0]

RIC Indication Received from gnbd_208_093_00019b_0 for Subscription ID: 3, KPM Report Style: 2, UE ID: 0
E2SM_KPM RIC Indication Content:
-ColletStartTime:  2026-07-17 05:18:28
-Measurements Data:
-granulPeriod: 1000
--Metric: DRB.UEThpDl, Value: [0.0]

RIC Indication Received from gnbd_208_093_00019b_0 for Subscription ID: 3, KPM Report Style: 2, UE ID: 0
E2SM_KPM RIC Indication Content:
-ColletStartTime:  2026-07-17 05:18:30
-Measurements Data:
-granulPeriod: 1000
--Metric: DRB.UEThpDl, Value: [0.0]

RIC Indication Received from gnbd_208_093_00019b_0 for Subscription ID: 3, KPM Report Style: 2, UE ID: 0
E2SM_KPM RIC Indication Content:
-ColletStartTime:  2026-07-17 05:18:31
-Measurements Data:
-granulPeriod: 1000
--Metric: DRB.UEThpDl, Value: [0.0]

RIC Indication Received from gnbd_208_093_00019b_0 for Subscription ID: 3, KPM Report Style: 2, UE ID: 0
E2SM_KPM RIC Indication Content:
-ColletStartTime:  2026-07-17 05:18:32
-Measurements Data:
-granulPeriod: 1000
--Metric: DRB.UEThpDl, Value: [0.0]

RIC Indication Received from gnbd_208_093_00019b_0 for Subscription ID: 3, KPM Report Style: 2, UE ID: 0
E2SM_KPM RIC Indication Content:
-ColletStartTime:  2026-07-17 05:18:33
-Measurements Data:
-granulPeriod: 1000
--Metric: DRB.UEThpDl, Value: [0.0]

RIC Indication Received from gnbd_208_093_00019b_0 for Subscription ID: 3, KPM Report Style: 2, UE ID: 0
E2SM_KPM RIC Indication Content:
-ColletStartTime:  2026-07-17 05:18:34
-Measurements Data:
-granulPeriod: 1000
--Metric: DRB.UEThpDl, Value: [0.0]

RIC Indication Received from gnbd_208_093_00019b_0 for Subscription ID: 3, KPM Report Style: 2, UE ID: 0
E2SM_KPM RIC Indication Content:
-ColletStartTime:  2026-07-17 05:18:36
-Measurements Data:
-granulPeriod: 1000
--Metric: DRB.UEThpDl, Value: [0.0]

RIC Indication Received from gnbd_208_093_00019b_0 for Subscription ID: 3, KPM Report Style: 2, UE ID: 0
E2SM_KPM RIC Indication Content:
-ColletStartTime:  2026-07-17 05:18:37
-Measurements Data:
-granulPeriod: 1000
--Metric: DRB.UEThpDl, Value: [0.0]

RIC Indication Received from gnbd_208_093_00019b_0 for Subscription ID: 3, KPM Report Style: 2, UE ID: 0
E2SM_KPM RIC Indication Content:
-ColletStartTime:  2026-07-17 05:18:38
-Measurements Data:
-granulPeriod: 1000
--Metric: DRB.UEThpDl, Value: [0.0]

RIC Indication Received from gnbd_208_093_00019b_0 for Subscription ID: 3, KPM Report Style: 2, UE ID: 0
E2SM_KPM RIC Indication Content:
-ColletStartTime:  2026-07-17 05:18:39
-Measurements Data:
-granulPeriod: 1000
--Metric: DRB.UEThpDl, Value: [0.0]

RIC Indication Received from gnbd_208_093_00019b_0 for Subscription ID: 3, KPM Report Style: 2, UE ID: 0
E2SM_KPM RIC Indication Content:
-ColletStartTime:  2026-07-17 05:18:40
-Measurements Data:
-granulPeriod: 1000
--Metric: DRB.UEThpDl, Value: [0.0]

RIC Indication Received from gnbd_208_093_00019b_0 for Subscription ID: 3, KPM Report Style: 2, UE ID: 0
E2SM_KPM RIC Indication Content:
-ColletStartTime:  2026-07-17 05:18:41
-Measurements Data:
-granulPeriod: 1000
--Metric: DRB.UEThpDl, Value: [0.0]

RIC Indication Received from gnbd_208_093_00019b_0 for Subscription ID: 3, KPM Report Style: 2, UE ID: 0
E2SM_KPM RIC Indication Content:
-ColletStartTime:  2026-07-17 05:18:43
-Measurements Data:
-granulPeriod: 1000
--Metric: DRB.UEThpDl, Value: [0.0]

RIC Indication Received from gnbd_208_093_00019b_0 for Subscription ID: 3, KPM Report Style: 2, UE ID: 0
E2SM_KPM RIC Indication Content:
-ColletStartTime:  2026-07-17 05:18:44
-Measurements Data:
-granulPeriod: 1000
--Metric: DRB.UEThpDl, Value: [0.0]

RIC Indication Received from gnbd_208_093_00019b_0 for Subscription ID: 3, KPM Report Style: 2, UE ID: 0
E2SM_KPM RIC Indication Content:
-ColletStartTime:  2026-07-17 05:18:45
-Measurements Data:
-granulPeriod: 1000
--Metric: DRB.UEThpDl, Value: [0.0]

RIC Indication Received from gnbd_208_093_00019b_0 for Subscription ID: 3, KPM Report Style: 2, UE ID: 0
E2SM_KPM RIC Indication Content:
-ColletStartTime:  2026-07-17 05:18:46
-Measurements Data:
-granulPeriod: 1000
--Metric: DRB.UEThpDl, Value: [0.0]

RIC Indication Received from gnbd_208_093_00019b_0 for Subscription ID: 3, KPM Report Style: 2, UE ID: 0
E2SM_KPM RIC Indication Content:
-ColletStartTime:  2026-07-17 05:18:47
-Measurements Data:
-granulPeriod: 1000
--Metric: DRB.UEThpDl, Value: [0.0]

RIC Indication Received from gnbd_208_093_00019b_0 for Subscription ID: 3, KPM Report Style: 2, UE ID: 0
E2SM_KPM RIC Indication Content:
-ColletStartTime:  2026-07-17 05:18:48
-Measurements Data:
-granulPeriod: 1000
--Metric: DRB.UEThpDl, Value: [0.0]

RIC Indication Received from gnbd_208_093_00019b_0 for Subscription ID: 3, KPM Report Style: 2, UE ID: 0
E2SM_KPM RIC Indication Content:
-ColletStartTime:  2026-07-17 05:18:50
-Measurements Data:
-granulPeriod: 1000
--Metric: DRB.UEThpDl, Value: [0.0]

RIC Indication Received from gnbd_208_093_00019b_0 for Subscription ID: 3, KPM Report Style: 2, UE ID: 0
E2SM_KPM RIC Indication Content:
-ColletStartTime:  2026-07-17 05:18:51
-Measurements Data:
-granulPeriod: 1000
--Metric: DRB.UEThpDl, Value: [0.0]

RIC Indication Received from gnbd_208_093_00019b_0 for Subscription ID: 3, KPM Report Style: 2, UE ID: 0
E2SM_KPM RIC Indication Content:
-ColletStartTime:  2026-07-17 05:18:52
-Measurements Data:
-granulPeriod: 1000
--Metric: DRB.UEThpDl, Value: [0.0]

RIC Indication Received from gnbd_208_093_00019b_0 for Subscription ID: 3, KPM Report Style: 2, UE ID: 0
E2SM_KPM RIC Indication Content:
-ColletStartTime:  2026-07-17 05:18:53
-Measurements Data:
-granulPeriod: 1000
--Metric: DRB.UEThpDl, Value: [0.0]

RIC Indication Received from gnbd_208_093_00019b_0 for Subscription ID: 3, KPM Report Style: 2, UE ID: 0
E2SM_KPM RIC Indication Content:
-ColletStartTime:  2026-07-17 05:18:54
-Measurements Data:
-granulPeriod: 1000
--Metric: DRB.UEThpDl, Value: [0.0]

RIC Indication Received from gnbd_208_093_00019b_0 for Subscription ID: 3, KPM Report Style: 2, UE ID: 0
E2SM_KPM RIC Indication Content:
-ColletStartTime:  2026-07-17 05:18:55
-Measurements Data:
-granulPeriod: 1000
--Metric: DRB.UEThpDl, Value: [0.0]

RIC Indication Received from gnbd_208_093_00019b_0 for Subscription ID: 3, KPM Report Style: 2, UE ID: 0
E2SM_KPM RIC Indication Content:
-ColletStartTime:  2026-07-17 05:18:56
-Measurements Data:
-granulPeriod: 1000
--Metric: DRB.UEThpDl, Value: [0.0]

RIC Indication Received from gnbd_208_093_00019b_0 for Subscription ID: 3, KPM Report Style: 2, UE ID: 0
E2SM_KPM RIC Indication Content:
-ColletStartTime:  2026-07-17 05:18:58
-Measurements Data:
-granulPeriod: 1000
--Metric: DRB.UEThpDl, Value: [0.0]

RIC Indication Received from gnbd_208_093_00019b_0 for Subscription ID: 3, KPM Report Style: 2, UE ID: 0
E2SM_KPM RIC Indication Content:
-ColletStartTime:  2026-07-17 05:18:59
-Measurements Data:
-granulPeriod: 1000
--Metric: DRB.UEThpDl, Value: [0.0]

RIC Indication Received from gnbd_208_093_00019b_0 for Subscription ID: 3, KPM Report Style: 2, UE ID: 0
E2SM_KPM RIC Indication Content:
-ColletStartTime:  2026-07-17 05:19:01
-Measurements Data:
-granulPeriod: 1000
--Metric: DRB.UEThpDl, Value: [0.0]

RIC Indication Received from gnbd_208_093_00019b_0 for Subscription ID: 3, KPM Report Style: 2, UE ID: 0
E2SM_KPM RIC Indication Content:
-ColletStartTime:  2026-07-17 05:19:02
-Measurements Data:
-granulPeriod: 1000
--Metric: DRB.UEThpDl, Value: [0.0]

RIC Indication Received from gnbd_208_093_00019b_0 for Subscription ID: 3, KPM Report Style: 2, UE ID: 0
E2SM_KPM RIC Indication Content:
-ColletStartTime:  2026-07-17 05:19:03
-Measurements Data:
-granulPeriod: 1000
--Metric: DRB.UEThpDl, Value: [0.0]

RIC Indication Received from gnbd_208_093_00019b_0 for Subscription ID: 3, KPM Report Style: 2, UE ID: 0
E2SM_KPM RIC Indication Content:
-ColletStartTime:  2026-07-17 05:19:04
-Measurements Data:
-granulPeriod: 1000
--Metric: DRB.UEThpDl, Value: [0.0]

RIC Indication Received from gnbd_208_093_00019b_0 for Subscription ID: 3, KPM Report Style: 2, UE ID: 0
E2SM_KPM RIC Indication Content:
-ColletStartTime:  2026-07-17 05:19:05
-Measurements Data:
-granulPeriod: 1000
--Metric: DRB.UEThpDl, Value: [0.0]

RIC Indication Received from gnbd_208_093_00019b_0 for Subscription ID: 3, KPM Report Style: 2, UE ID: 0
E2SM_KPM RIC Indication Content:
-ColletStartTime:  2026-07-17 05:19:06
-Measurements Data:
-granulPeriod: 1000
--Metric: DRB.UEThpDl, Value: [0.0]

RIC Indication Received from gnbd_208_093_00019b_0 for Subscription ID: 3, KPM Report Style: 2, UE ID: 0
E2SM_KPM RIC Indication Content:
-ColletStartTime:  2026-07-17 05:19:07
-Measurements Data:
-granulPeriod: 1000
--Metric: DRB.UEThpDl, Value: [0.0]

RIC Indication Received from gnbd_208_093_00019b_0 for Subscription ID: 3, KPM Report Style: 2, UE ID: 0
E2SM_KPM RIC Indication Content:
-ColletStartTime:  2026-07-17 05:19:09
-Measurements Data:
-granulPeriod: 1000
--Metric: DRB.UEThpDl, Value: [0.0]

RIC Indication Received from gnbd_208_093_00019b_0 for Subscription ID: 3, KPM Report Style: 2, UE ID: 0
E2SM_KPM RIC Indication Content:
-ColletStartTime:  2026-07-17 05:19:10
-Measurements Data:
-granulPeriod: 1000
--Metric: DRB.UEThpDl, Value: [0.0]

RIC Indication Received from gnbd_208_093_00019b_0 for Subscription ID: 3, KPM Report Style: 2, UE ID: 0
E2SM_KPM RIC Indication Content:
-ColletStartTime:  2026-07-17 05:19:11
-Measurements Data:
-granulPeriod: 1000
--Metric: DRB.UEThpDl, Value: [0.0]

RIC Indication Received from gnbd_208_093_00019b_0 for Subscription ID: 3, KPM Report Style: 2, UE ID: 0
E2SM_KPM RIC Indication Content:
-ColletStartTime:  2026-07-17 05:19:12
-Measurements Data:
-granulPeriod: 1000
--Metric: DRB.UEThpDl, Value: [0.0]

RIC Indication Received from gnbd_208_093_00019b_0 for Subscription ID: 3, KPM Report Style: 2, UE ID: 0
E2SM_KPM RIC Indication Content:
-ColletStartTime:  2026-07-17 05:19:13
-Measurements Data:
-granulPeriod: 1000
--Metric: DRB.UEThpDl, Value: [0.0]

RIC Indication Received from gnbd_208_093_00019b_0 for Subscription ID: 3, KPM Report Style: 2, UE ID: 0
E2SM_KPM RIC Indication Content:
-ColletStartTime:  2026-07-17 05:19:14
-Measurements Data:
-granulPeriod: 1000
--Metric: DRB.UEThpDl, Value: [0.0]

RIC Indication Received from gnbd_208_093_00019b_0 for Subscription ID: 3, KPM Report Style: 2, UE ID: 0
E2SM_KPM RIC Indication Content:
-ColletStartTime:  2026-07-17 05:19:15
-Measurements Data:
-granulPeriod: 1000
--Metric: DRB.UEThpDl, Value: [0.0]

RIC Indication Received from gnbd_208_093_00019b_0 for Subscription ID: 3, KPM Report Style: 2, UE ID: 0
E2SM_KPM RIC Indication Content:
-ColletStartTime:  2026-07-17 05:19:17
-Measurements Data:
-granulPeriod: 1000
--Metric: DRB.UEThpDl, Value: [0.0]

RIC Indication Received from gnbd_208_093_00019b_0 for Subscription ID: 3, KPM Report Style: 2, UE ID: 0
E2SM_KPM RIC Indication Content:
-ColletStartTime:  2026-07-17 05:19:18
-Measurements Data:
-granulPeriod: 1000
--Metric: DRB.UEThpDl, Value: [0.0]

RIC Indication Received from gnbd_208_093_00019b_0 for Subscription ID: 3, KPM Report Style: 2, UE ID: 0
E2SM_KPM RIC Indication Content:
-ColletStartTime:  2026-07-17 05:19:19
-Measurements Data:
-granulPeriod: 1000
--Metric: DRB.UEThpDl, Value: [0.0]

RIC Indication Received from gnbd_208_093_00019b_0 for Subscription ID: 3, KPM Report Style: 2, UE ID: 0
E2SM_KPM RIC Indication Content:
-ColletStartTime:  2026-07-17 05:19:20
-Measurements Data:
-granulPeriod: 1000
--Metric: DRB.UEThpDl, Value: [0.0]

RIC Indication Received from gnbd_208_093_00019b_0 for Subscription ID: 3, KPM Report Style: 2, UE ID: 0
E2SM_KPM RIC Indication Content:
-ColletStartTime:  2026-07-17 05:19:21
-Measurements Data:
-granulPeriod: 1000
--Metric: DRB.UEThpDl, Value: [0.0]

RIC Indication Received from gnbd_208_093_00019b_0 for Subscription ID: 3, KPM Report Style: 2, UE ID: 0
E2SM_KPM RIC Indication Content:
-ColletStartTime:  2026-07-17 05:19:23
-Measurements Data:
-granulPeriod: 1000
--Metric: DRB.UEThpDl, Value: [0.0]

RIC Indication Received from gnbd_208_093_00019b_0 for Subscription ID: 3, KPM Report Style: 2, UE ID: 0
E2SM_KPM RIC Indication Content:
-ColletStartTime:  2026-07-17 05:19:24
-Measurements Data:
-granulPeriod: 1000
--Metric: DRB.UEThpDl, Value: [0.0]

RIC Indication Received from gnbd_208_093_00019b_0 for Subscription ID: 3, KPM Report Style: 2, UE ID: 0
E2SM_KPM RIC Indication Content:
-ColletStartTime:  2026-07-17 05:19:25
-Measurements Data:
-granulPeriod: 1000
--Metric: DRB.UEThpDl, Value: [0.0]

RIC Indication Received from gnbd_208_093_00019b_0 for Subscription ID: 3, KPM Report Style: 2, UE ID: 0
E2SM_KPM RIC Indication Content:
-ColletStartTime:  2026-07-17 05:19:26
-Measurements Data:
-granulPeriod: 1000
--Metric: DRB.UEThpDl, Value: [0.0]

RIC Indication Received from gnbd_208_093_00019b_0 for Subscription ID: 3, KPM Report Style: 2, UE ID: 0
E2SM_KPM RIC Indication Content:
-ColletStartTime:  2026-07-17 05:19:27
-Measurements Data:
-granulPeriod: 1000
--Metric: DRB.UEThpDl, Value: [0.0]

RIC Indication Received from gnbd_208_093_00019b_0 for Subscription ID: 3, KPM Report Style: 2, UE ID: 0
E2SM_KPM RIC Indication Content:
-ColletStartTime:  2026-07-17 05:19:29
-Measurements Data:
-granulPeriod: 1000
--Metric: DRB.UEThpDl, Value: [0.0]

RIC Indication Received from gnbd_208_093_00019b_0 for Subscription ID: 3, KPM Report Style: 2, UE ID: 0
E2SM_KPM RIC Indication Content:
-ColletStartTime:  2026-07-17 05:19:30
-Measurements Data:
-granulPeriod: 1000
--Metric: DRB.UEThpDl, Value: [0.0]

RIC Indication Received from gnbd_208_093_00019b_0 for Subscription ID: 3, KPM Report Style: 2, UE ID: 0
E2SM_KPM RIC Indication Content:
-ColletStartTime:  2026-07-17 05:19:31
-Measurements Data:
-granulPeriod: 1000
--Metric: DRB.UEThpDl, Value: [0.0]

RIC Indication Received from gnbd_208_093_00019b_0 for Subscription ID: 3, KPM Report Style: 2, UE ID: 0
E2SM_KPM RIC Indication Content:
-ColletStartTime:  2026-07-17 05:19:32
-Measurements Data:
-granulPeriod: 1000
--Metric: DRB.UEThpDl, Value: [0.0]

RIC Indication Received from gnbd_208_093_00019b_0 for Subscription ID: 3, KPM Report Style: 2, UE ID: 0
E2SM_KPM RIC Indication Content:
-ColletStartTime:  2026-07-17 05:19:33
-Measurements Data:
-granulPeriod: 1000
--Metric: DRB.UEThpDl, Value: [0.0]

RIC Indication Received from gnbd_208_093_00019b_0 for Subscription ID: 3, KPM Report Style: 2, UE ID: 0
E2SM_KPM RIC Indication Content:
-ColletStartTime:  2026-07-17 05:19:35
-Measurements Data:
-granulPeriod: 1000
--Metric: DRB.UEThpDl, Value: [0.0]

RIC Indication Received from gnbd_208_093_00019b_0 for Subscription ID: 3, KPM Report Style: 2, UE ID: 0
E2SM_KPM RIC Indication Content:
-ColletStartTime:  2026-07-17 05:19:36
-Measurements Data:
-granulPeriod: 1000
--Metric: DRB.UEThpDl, Value: [0.0]

RIC Indication Received from gnbd_208_093_00019b_0 for Subscription ID: 3, KPM Report Style: 2, UE ID: 0
E2SM_KPM RIC Indication Content:
-ColletStartTime:  2026-07-17 05:19:37
-Measurements Data:
-granulPeriod: 1000
--Metric: DRB.UEThpDl, Value: [0.0]

RIC Indication Received from gnbd_208_093_00019b_0 for Subscription ID: 3, KPM Report Style: 2, UE ID: 0
E2SM_KPM RIC Indication Content:
-ColletStartTime:  2026-07-17 05:19:39
-Measurements Data:
-granulPeriod: 1000
--Metric: DRB.UEThpDl, Value: [0.0]

RIC Indication Received from gnbd_208_093_00019b_0 for Subscription ID: 3, KPM Report Style: 2, UE ID: 0
E2SM_KPM RIC Indication Content:
-ColletStartTime:  2026-07-17 05:19:40
-Measurements Data:
-granulPeriod: 1000
--Metric: DRB.UEThpDl, Value: [0.0]

RIC Indication Received from gnbd_208_093_00019b_0 for Subscription ID: 3, KPM Report Style: 2, UE ID: 0
E2SM_KPM RIC Indication Content:
-ColletStartTime:  2026-07-17 05:19:41
-Measurements Data:
-granulPeriod: 1000
--Metric: DRB.UEThpDl, Value: [0.0]

RIC Indication Received from gnbd_208_093_00019b_0 for Subscription ID: 3, KPM Report Style: 2, UE ID: 0
E2SM_KPM RIC Indication Content:
-ColletStartTime:  2026-07-17 05:19:42
-Measurements Data:
-granulPeriod: 1000
--Metric: DRB.UEThpDl, Value: [0.0]

RIC Indication Received from gnbd_208_093_00019b_0 for Subscription ID: 3, KPM Report Style: 2, UE ID: 0
E2SM_KPM RIC Indication Content:
-ColletStartTime:  2026-07-17 05:19:44
-Measurements Data:
-granulPeriod: 1000
--Metric: DRB.UEThpDl, Value: [0.0]

RIC Indication Received from gnbd_208_093_00019b_0 for Subscription ID: 3, KPM Report Style: 2, UE ID: 0
E2SM_KPM RIC Indication Content:
-ColletStartTime:  2026-07-17 05:19:45
-Measurements Data:
-granulPeriod: 1000
--Metric: DRB.UEThpDl, Value: [0.0]

RIC Indication Received from gnbd_208_093_00019b_0 for Subscription ID: 3, KPM Report Style: 2, UE ID: 0
E2SM_KPM RIC Indication Content:
-ColletStartTime:  2026-07-17 05:19:46
-Measurements Data:
-granulPeriod: 1000
--Metric: DRB.UEThpDl, Value: [0.0]

RIC Indication Received from gnbd_208_093_00019b_0 for Subscription ID: 3, KPM Report Style: 2, UE ID: 0
E2SM_KPM RIC Indication Content:
-ColletStartTime:  2026-07-17 05:19:47
-Measurements Data:
-granulPeriod: 1000
--Metric: DRB.UEThpDl, Value: [0.0]

RIC Indication Received from gnbd_208_093_00019b_0 for Subscription ID: 3, KPM Report Style: 2, UE ID: 0
E2SM_KPM RIC Indication Content:
-ColletStartTime:  2026-07-17 05:19:48
-Measurements Data:
-granulPeriod: 1000
--Metric: DRB.UEThpDl, Value: [0.0]

RIC Indication Received from gnbd_208_093_00019b_0 for Subscription ID: 3, KPM Report Style: 2, UE ID: 0
E2SM_KPM RIC Indication Content:
-ColletStartTime:  2026-07-17 05:19:49
-Measurements Data:
-granulPeriod: 1000
--Metric: DRB.UEThpDl, Value: [0.0]

RIC Indication Received from gnbd_208_093_00019b_0 for Subscription ID: 3, KPM Report Style: 2, UE ID: 0
E2SM_KPM RIC Indication Content:
-ColletStartTime:  2026-07-17 05:19:51
-Measurements Data:
-granulPeriod: 1000
--Metric: DRB.UEThpDl, Value: [0.0]

RIC Indication Received from gnbd_208_093_00019b_0 for Subscription ID: 3, KPM Report Style: 2, UE ID: 0
E2SM_KPM RIC Indication Content:
-ColletStartTime:  2026-07-17 05:19:52
-Measurements Data:
-granulPeriod: 1000
--Metric: DRB.UEThpDl, Value: [0.0]

RIC Indication Received from gnbd_208_093_00019b_0 for Subscription ID: 3, KPM Report Style: 2, UE ID: 0
E2SM_KPM RIC Indication Content:
-ColletStartTime:  2026-07-17 05:19:53
-Measurements Data:
-granulPeriod: 1000
--Metric: DRB.UEThpDl, Value: [0.0]

RIC Indication Received from gnbd_208_093_00019b_0 for Subscription ID: 3, KPM Report Style: 2, UE ID: 0
E2SM_KPM RIC Indication Content:
-ColletStartTime:  2026-07-17 05:19:54
-Measurements Data:
-granulPeriod: 1000
--Metric: DRB.UEThpDl, Value: [0.0]

RIC Indication Received from gnbd_208_093_00019b_0 for Subscription ID: 3, KPM Report Style: 2, UE ID: 0
E2SM_KPM RIC Indication Content:
-ColletStartTime:  2026-07-17 05:19:55
-Measurements Data:
-granulPeriod: 1000
--Metric: DRB.UEThpDl, Value: [0.0]

RIC Indication Received from gnbd_208_093_00019b_0 for Subscription ID: 3, KPM Report Style: 2, UE ID: 0
E2SM_KPM RIC Indication Content:
-ColletStartTime:  2026-07-17 05:19:56
-Measurements Data:
-granulPeriod: 1000
--Metric: DRB.UEThpDl, Value: [0.0]

RIC Indication Received from gnbd_208_093_00019b_0 for Subscription ID: 3, KPM Report Style: 2, UE ID: 0
E2SM_KPM RIC Indication Content:
-ColletStartTime:  2026-07-17 05:19:58
-Measurements Data:
-granulPeriod: 1000
--Metric: DRB.UEThpDl, Value: [0.0]

RIC Indication Received from gnbd_208_093_00019b_0 for Subscription ID: 3, KPM Report Style: 2, UE ID: 0
E2SM_KPM RIC Indication Content:
-ColletStartTime:  2026-07-17 05:19:59
-Measurements Data:
-granulPeriod: 1000
--Metric: DRB.UEThpDl, Value: [0.0]

RIC Indication Received from gnbd_208_093_00019b_0 for Subscription ID: 3, KPM Report Style: 2, UE ID: 0
E2SM_KPM RIC Indication Content:
-ColletStartTime:  2026-07-17 05:20:00
-Measurements Data:
-granulPeriod: 1000
--Metric: DRB.UEThpDl, Value: [0.0]

RIC Indication Received from gnbd_208_093_00019b_0 for Subscription ID: 3, KPM Report Style: 2, UE ID: 0
E2SM_KPM RIC Indication Content:
-ColletStartTime:  2026-07-17 05:20:02
-Measurements Data:
-granulPeriod: 1000
--Metric: DRB.UEThpDl, Value: [0.0]

RIC Indication Received from gnbd_208_093_00019b_0 for Subscription ID: 3, KPM Report Style: 2, UE ID: 0
E2SM_KPM RIC Indication Content:
-ColletStartTime:  2026-07-17 05:20:03
-Measurements Data:
-granulPeriod: 1000
--Metric: DRB.UEThpDl, Value: [0.0]

RIC Indication Received from gnbd_208_093_00019b_0 for Subscription ID: 3, KPM Report Style: 2, UE ID: 0
E2SM_KPM RIC Indication Content:
-ColletStartTime:  2026-07-17 05:20:04
-Measurements Data:
-granulPeriod: 1000
--Metric: DRB.UEThpDl, Value: [0.0]

RIC Indication Received from gnbd_208_093_00019b_0 for Subscription ID: 3, KPM Report Style: 2, UE ID: 0
E2SM_KPM RIC Indication Content:
-ColletStartTime:  2026-07-17 05:20:06
-Measurements Data:
-granulPeriod: 1000
--Metric: DRB.UEThpDl, Value: [0.0]

RIC Indication Received from gnbd_208_093_00019b_0 for Subscription ID: 3, KPM Report Style: 2, UE ID: 0
E2SM_KPM RIC Indication Content:
-ColletStartTime:  2026-07-17 05:20:07
-Measurements Data:
-granulPeriod: 1000
--Metric: DRB.UEThpDl, Value: [0.0]

RIC Indication Received from gnbd_208_093_00019b_0 for Subscription ID: 3, KPM Report Style: 2, UE ID: 0
E2SM_KPM RIC Indication Content:
-ColletStartTime:  2026-07-17 05:20:08
-Measurements Data:
-granulPeriod: 1000
--Metric: DRB.UEThpDl, Value: [0.0]

RIC Indication Received from gnbd_208_093_00019b_0 for Subscription ID: 3, KPM Report Style: 2, UE ID: 0
E2SM_KPM RIC Indication Content:
-ColletStartTime:  2026-07-17 05:20:09
-Measurements Data:
-granulPeriod: 1000
--Metric: DRB.UEThpDl, Value: [0.0]

RIC Indication Received from gnbd_208_093_00019b_0 for Subscription ID: 3, KPM Report Style: 2, UE ID: 0
E2SM_KPM RIC Indication Content:
-ColletStartTime:  2026-07-17 05:20:11
-Measurements Data:
-granulPeriod: 1000
--Metric: DRB.UEThpDl, Value: [0.0]

RIC Indication Received from gnbd_208_093_00019b_0 for Subscription ID: 3, KPM Report Style: 2, UE ID: 0
E2SM_KPM RIC Indication Content:
-ColletStartTime:  2026-07-17 05:20:12
-Measurements Data:
-granulPeriod: 1000
--Metric: DRB.UEThpDl, Value: [0.0]

RIC Indication Received from gnbd_208_093_00019b_0 for Subscription ID: 3, KPM Report Style: 2, UE ID: 0
E2SM_KPM RIC Indication Content:
-ColletStartTime:  2026-07-17 05:20:13
-Measurements Data:
-granulPeriod: 1000
--Metric: DRB.UEThpDl, Value: [0.0]

RIC Indication Received from gnbd_208_093_00019b_0 for Subscription ID: 3, KPM Report Style: 2, UE ID: 0
E2SM_KPM RIC Indication Content:
-ColletStartTime:  2026-07-17 05:20:15
-Measurements Data:
-granulPeriod: 1000
--Metric: DRB.UEThpDl, Value: [0.0]

RIC Indication Received from gnbd_208_093_00019b_0 for Subscription ID: 3, KPM Report Style: 2, UE ID: 0
E2SM_KPM RIC Indication Content:
-ColletStartTime:  2026-07-17 05:20:16
-Measurements Data:
-granulPeriod: 1000
--Metric: DRB.UEThpDl, Value: [0.0]

RIC Indication Received from gnbd_208_093_00019b_0 for Subscription ID: 3, KPM Report Style: 2, UE ID: 0
E2SM_KPM RIC Indication Content:
-ColletStartTime:  2026-07-17 05:20:17
-Measurements Data:
-granulPeriod: 1000
--Metric: DRB.UEThpDl, Value: [0.0]

RIC Indication Received from gnbd_208_093_00019b_0 for Subscription ID: 3, KPM Report Style: 2, UE ID: 0
E2SM_KPM RIC Indication Content:
-ColletStartTime:  2026-07-17 05:20:18
-Measurements Data:
-granulPeriod: 1000
--Metric: DRB.UEThpDl, Value: [0.0]

RIC Indication Received from gnbd_208_093_00019b_0 for Subscription ID: 3, KPM Report Style: 2, UE ID: 0
E2SM_KPM RIC Indication Content:
-ColletStartTime:  2026-07-17 05:20:19
-Measurements Data:
-granulPeriod: 1000
--Metric: DRB.UEThpDl, Value: [0.0]

RIC Indication Received from gnbd_208_093_00019b_0 for Subscription ID: 3, KPM Report Style: 2, UE ID: 0
E2SM_KPM RIC Indication Content:
-ColletStartTime:  2026-07-17 05:20:21
-Measurements Data:
-granulPeriod: 1000
--Metric: DRB.UEThpDl, Value: [0.0]

RIC Indication Received from gnbd_208_093_00019b_0 for Subscription ID: 3, KPM Report Style: 2, UE ID: 0
E2SM_KPM RIC Indication Content:
-ColletStartTime:  2026-07-17 05:20:22
-Measurements Data:
-granulPeriod: 1000
--Metric: DRB.UEThpDl, Value: [0.0]

RIC Indication Received from gnbd_208_093_00019b_0 for Subscription ID: 3, KPM Report Style: 2, UE ID: 0
E2SM_KPM RIC Indication Content:
-ColletStartTime:  2026-07-17 05:20:23
-Measurements Data:
-granulPeriod: 1000
--Metric: DRB.UEThpDl, Value: [0.0]

RIC Indication Received from gnbd_208_093_00019b_0 for Subscription ID: 3, KPM Report Style: 2, UE ID: 0
E2SM_KPM RIC Indication Content:
-ColletStartTime:  2026-07-17 05:20:24
-Measurements Data:
-granulPeriod: 1000
--Metric: DRB.UEThpDl, Value: [0.0]

RIC Indication Received from gnbd_208_093_00019b_0 for Subscription ID: 3, KPM Report Style: 2, UE ID: 0
E2SM_KPM RIC Indication Content:
-ColletStartTime:  2026-07-17 05:20:26
-Measurements Data:
-granulPeriod: 1000
--Metric: DRB.UEThpDl, Value: [0.0]

RIC Indication Received from gnbd_208_093_00019b_0 for Subscription ID: 3, KPM Report Style: 2, UE ID: 0
E2SM_KPM RIC Indication Content:
-ColletStartTime:  2026-07-17 05:20:27
-Measurements Data:
-granulPeriod: 1000
--Metric: DRB.UEThpDl, Value: [0.0]

RIC Indication Received from gnbd_208_093_00019b_0 for Subscription ID: 3, KPM Report Style: 2, UE ID: 0
E2SM_KPM RIC Indication Content:
-ColletStartTime:  2026-07-17 05:20:28
-Measurements Data:
-granulPeriod: 1000
--Metric: DRB.UEThpDl, Value: [0.0]

RIC Indication Received from gnbd_208_093_00019b_0 for Subscription ID: 3, KPM Report Style: 2, UE ID: 0
E2SM_KPM RIC Indication Content:
-ColletStartTime:  2026-07-17 05:20:31
-Measurements Data:
-granulPeriod: 1000
--Metric: DRB.UEThpDl, Value: [59043.0]

RIC Indication Received from gnbd_208_093_00019b_0 for Subscription ID: 3, KPM Report Style: 2, UE ID: 0
E2SM_KPM RIC Indication Content:
-ColletStartTime:  2026-07-17 05:20:33
-Measurements Data:
-granulPeriod: 1000
--Metric: DRB.UEThpDl, Value: [0.0]

RIC Indication Received from gnbd_208_093_00019b_0 for Subscription ID: 3, KPM Report Style: 2, UE ID: 0
E2SM_KPM RIC Indication Content:
-ColletStartTime:  2026-07-17 05:20:36
-Measurements Data:
-granulPeriod: 1000
--Metric: DRB.UEThpDl, Value: [59043.0]

RIC Indication Received from gnbd_208_093_00019b_0 for Subscription ID: 3, KPM Report Style: 2, UE ID: 0
E2SM_KPM RIC Indication Content:
-ColletStartTime:  2026-07-17 05:20:38
-Measurements Data:
-granulPeriod: 1000
--Metric: DRB.UEThpDl, Value: [0.0]

RIC Indication Received from gnbd_208_093_00019b_0 for Subscription ID: 3, KPM Report Style: 2, UE ID: 0
E2SM_KPM RIC Indication Content:
-ColletStartTime:  2026-07-17 05:20:40
-Measurements Data:
-granulPeriod: 1000
--Metric: DRB.UEThpDl, Value: [59043.0]

RIC Indication Received from gnbd_208_093_00019b_0 for Subscription ID: 3, KPM Report Style: 2, UE ID: 0
E2SM_KPM RIC Indication Content:
-ColletStartTime:  2026-07-17 05:20:43
-Measurements Data:
-granulPeriod: 1000
--Metric: DRB.UEThpDl, Value: [0.0]

RIC Indication Received from gnbd_208_093_00019b_0 for Subscription ID: 3, KPM Report Style: 2, UE ID: 0
E2SM_KPM RIC Indication Content:
-ColletStartTime:  2026-07-17 05:20:46
-Measurements Data:
-granulPeriod: 1000
--Metric: DRB.UEThpDl, Value: [59043.0]

RIC Indication Received from gnbd_208_093_00019b_0 for Subscription ID: 3, KPM Report Style: 2, UE ID: 0
E2SM_KPM RIC Indication Content:
-ColletStartTime:  2026-07-17 05:20:49
-Measurements Data:
-granulPeriod: 1000
--Metric: DRB.UEThpDl, Value: [0.0]

RIC Indication Received from gnbd_208_093_00019b_0 for Subscription ID: 3, KPM Report Style: 2, UE ID: 0
E2SM_KPM RIC Indication Content:
-ColletStartTime:  2026-07-17 05:20:51
-Measurements Data:
-granulPeriod: 1000
--Metric: DRB.UEThpDl, Value: [59043.0]

RIC Indication Received from gnbd_208_093_00019b_0 for Subscription ID: 3, KPM Report Style: 2, UE ID: 0
E2SM_KPM RIC Indication Content:
-ColletStartTime:  2026-07-17 05:20:54
-Measurements Data:
-granulPeriod: 1000
--Metric: DRB.UEThpDl, Value: [0.0]

RIC Indication Received from gnbd_208_093_00019b_0 for Subscription ID: 3, KPM Report Style: 2, UE ID: 0
E2SM_KPM RIC Indication Content:
-ColletStartTime:  2026-07-17 05:20:57
-Measurements Data:
-granulPeriod: 1000
--Metric: DRB.UEThpDl, Value: [59043.0]

RIC Indication Received from gnbd_208_093_00019b_0 for Subscription ID: 3, KPM Report Style: 2, UE ID: 0
E2SM_KPM RIC Indication Content:
-ColletStartTime:  2026-07-17 05:20:59
-Measurements Data:
-granulPeriod: 1000
--Metric: DRB.UEThpDl, Value: [0.0]

RIC Indication Received from gnbd_208_093_00019b_0 for Subscription ID: 3, KPM Report Style: 2, UE ID: 0
E2SM_KPM RIC Indication Content:
-ColletStartTime:  2026-07-17 05:21:02
-Measurements Data:
-granulPeriod: 1000
--Metric: DRB.UEThpDl, Value: [59043.0]

RIC Indication Received from gnbd_208_093_00019b_0 for Subscription ID: 3, KPM Report Style: 2, UE ID: 0
E2SM_KPM RIC Indication Content:
-ColletStartTime:  2026-07-17 05:21:05
-Measurements Data:
-granulPeriod: 1000
--Metric: DRB.UEThpDl, Value: [0.0]

RIC Indication Received from gnbd_208_093_00019b_0 for Subscription ID: 3, KPM Report Style: 2, UE ID: 0
E2SM_KPM RIC Indication Content:
-ColletStartTime:  2026-07-17 05:21:07
-Measurements Data:
-granulPeriod: 1000
--Metric: DRB.UEThpDl, Value: [59043.0]

RIC Indication Received from gnbd_208_093_00019b_0 for Subscription ID: 3, KPM Report Style: 2, UE ID: 0
E2SM_KPM RIC Indication Content:
-ColletStartTime:  2026-07-17 05:21:10
-Measurements Data:
-granulPeriod: 1000
--Metric: DRB.UEThpDl, Value: [0.0]

RIC Indication Received from gnbd_208_093_00019b_0 for Subscription ID: 3, KPM Report Style: 2, UE ID: 0
E2SM_KPM RIC Indication Content:
-ColletStartTime:  2026-07-17 05:21:12
-Measurements Data:
-granulPeriod: 1000
--Metric: DRB.UEThpDl, Value: [59043.0]

RIC Indication Received from gnbd_208_093_00019b_0 for Subscription ID: 3, KPM Report Style: 2, UE ID: 0
E2SM_KPM RIC Indication Content:
-ColletStartTime:  2026-07-17 05:21:15
-Measurements Data:
-granulPeriod: 1000
--Metric: DRB.UEThpDl, Value: [0.0]

RIC Indication Received from gnbd_208_093_00019b_0 for Subscription ID: 3, KPM Report Style: 2, UE ID: 0
E2SM_KPM RIC Indication Content:
-ColletStartTime:  2026-07-17 05:21:18
-Measurements Data:
-granulPeriod: 1000
--Metric: DRB.UEThpDl, Value: [59043.0]

RIC Indication Received from gnbd_208_093_00019b_0 for Subscription ID: 3, KPM Report Style: 2, UE ID: 0
E2SM_KPM RIC Indication Content:
-ColletStartTime:  2026-07-17 05:21:20
-Measurements Data:
-granulPeriod: 1000
--Metric: DRB.UEThpDl, Value: [0.0]

RIC Indication Received from gnbd_208_093_00019b_0 for Subscription ID: 3, KPM Report Style: 2, UE ID: 0
E2SM_KPM RIC Indication Content:
-ColletStartTime:  2026-07-17 05:21:22
-Measurements Data:
-granulPeriod: 1000
--Metric: DRB.UEThpDl, Value: [59043.0]

RIC Indication Received from gnbd_208_093_00019b_0 for Subscription ID: 3, KPM Report Style: 2, UE ID: 0
E2SM_KPM RIC Indication Content:
-ColletStartTime:  2026-07-17 05:21:26
-Measurements Data:
-granulPeriod: 1000
--Metric: DRB.UEThpDl, Value: [0.0]

RIC Indication Received from gnbd_208_093_00019b_0 for Subscription ID: 3, KPM Report Style: 2, UE ID: 0
E2SM_KPM RIC Indication Content:
-ColletStartTime:  2026-07-17 05:21:28
-Measurements Data:
-granulPeriod: 1000
--Metric: DRB.UEThpDl, Value: [59043.0]

RIC Indication Received from gnbd_208_093_00019b_0 for Subscription ID: 3, KPM Report Style: 2, UE ID: 0
E2SM_KPM RIC Indication Content:
-ColletStartTime:  2026-07-17 05:21:31
-Measurements Data:
-granulPeriod: 1000
--Metric: DRB.UEThpDl, Value: [0.0]

RIC Indication Received from gnbd_208_093_00019b_0 for Subscription ID: 3, KPM Report Style: 2, UE ID: 0
E2SM_KPM RIC Indication Content:
-ColletStartTime:  2026-07-17 05:21:33
-Measurements Data:
-granulPeriod: 1000
--Metric: DRB.UEThpDl, Value: [59043.0]

RIC Indication Received from gnbd_208_093_00019b_0 for Subscription ID: 3, KPM Report Style: 2, UE ID: 0
E2SM_KPM RIC Indication Content:
-ColletStartTime:  2026-07-17 05:21:36
-Measurements Data:
-granulPeriod: 1000
--Metric: DRB.UEThpDl, Value: [0.0]

RIC Indication Received from gnbd_208_093_00019b_0 for Subscription ID: 3, KPM Report Style: 2, UE ID: 0
E2SM_KPM RIC Indication Content:
-ColletStartTime:  2026-07-17 05:21:39
-Measurements Data:
-granulPeriod: 1000
--Metric: DRB.UEThpDl, Value: [59043.0]

RIC Indication Received from gnbd_208_093_00019b_0 for Subscription ID: 3, KPM Report Style: 2, UE ID: 0
E2SM_KPM RIC Indication Content:
-ColletStartTime:  2026-07-17 05:21:41
-Measurements Data:
-granulPeriod: 1000
--Metric: DRB.UEThpDl, Value: [0.0]

RIC Indication Received from gnbd_208_093_00019b_0 for Subscription ID: 3, KPM Report Style: 2, UE ID: 0
E2SM_KPM RIC Indication Content:
-ColletStartTime:  2026-07-17 05:21:46
-Measurements Data:
-granulPeriod: 1000
--Metric: DRB.UEThpDl, Value: [59043.0]

RIC Indication Received from gnbd_208_093_00019b_0 for Subscription ID: 3, KPM Report Style: 2, UE ID: 0
E2SM_KPM RIC Indication Content:
-ColletStartTime:  2026-07-17 05:21:50
-Measurements Data:
-granulPeriod: 1000
--Metric: DRB.UEThpDl, Value: [0.0]

RIC Indication Received from gnbd_208_093_00019b_0 for Subscription ID: 3, KPM Report Style: 2, UE ID: 0
E2SM_KPM RIC Indication Content:
-ColletStartTime:  2026-07-17 05:21:53
-Measurements Data:
-granulPeriod: 1000
--Metric: DRB.UEThpDl, Value: [59043.0]

RIC Indication Received from gnbd_208_093_00019b_0 for Subscription ID: 3, KPM Report Style: 2, UE ID: 0
E2SM_KPM RIC Indication Content:
-ColletStartTime:  2026-07-17 05:21:56
-Measurements Data:
-granulPeriod: 1000
--Metric: DRB.UEThpDl, Value: [0.0]

RIC Indication Received from gnbd_208_093_00019b_0 for Subscription ID: 3, KPM Report Style: 2, UE ID: 0
E2SM_KPM RIC Indication Content:
-ColletStartTime:  2026-07-17 05:21:58
-Measurements Data:
-granulPeriod: 1000
--Metric: DRB.UEThpDl, Value: [59043.0]

RIC Indication Received from gnbd_208_093_00019b_0 for Subscription ID: 3, KPM Report Style: 2, UE ID: 0
E2SM_KPM RIC Indication Content:
-ColletStartTime:  2026-07-17 05:22:01
-Measurements Data:
-granulPeriod: 1000
--Metric: DRB.UEThpDl, Value: [0.0]

RIC Indication Received from gnbd_208_093_00019b_0 for Subscription ID: 3, KPM Report Style: 2, UE ID: 0
E2SM_KPM RIC Indication Content:
-ColletStartTime:  2026-07-17 05:22:03
-Measurements Data:
-granulPeriod: 1000
--Metric: DRB.UEThpDl, Value: [59043.0]

RIC Indication Received from gnbd_208_093_00019b_0 for Subscription ID: 3, KPM Report Style: 2, UE ID: 0
E2SM_KPM RIC Indication Content:
-ColletStartTime:  2026-07-17 05:22:06
-Measurements Data:
-granulPeriod: 1000
--Metric: DRB.UEThpDl, Value: [0.0]

RIC Indication Received from gnbd_208_093_00019b_0 for Subscription ID: 3, KPM Report Style: 2, UE ID: 0
E2SM_KPM RIC Indication Content:
-ColletStartTime:  2026-07-17 05:22:08
-Measurements Data:
-granulPeriod: 1000
--Metric: DRB.UEThpDl, Value: [59043.0]

RIC Indication Received from gnbd_208_093_00019b_0 for Subscription ID: 3, KPM Report Style: 2, UE ID: 0
E2SM_KPM RIC Indication Content:
-ColletStartTime:  2026-07-17 05:22:10
-Measurements Data:
-granulPeriod: 1000
--Metric: DRB.UEThpDl, Value: [0.0]

RIC Indication Received from gnbd_208_093_00019b_0 for Subscription ID: 3, KPM Report Style: 2, UE ID: 0
E2SM_KPM RIC Indication Content:
-ColletStartTime:  2026-07-17 05:22:12
-Measurements Data:
-granulPeriod: 1000
--Metric: DRB.UEThpDl, Value: [59043.0]

RIC Indication Received from gnbd_208_093_00019b_0 for Subscription ID: 3, KPM Report Style: 2, UE ID: 0
E2SM_KPM RIC Indication Content:
-ColletStartTime:  2026-07-17 05:22:14
-Measurements Data:
-granulPeriod: 1000
--Metric: DRB.UEThpDl, Value: [0.0]

RIC Indication Received from gnbd_208_093_00019b_0 for Subscription ID: 3, KPM Report Style: 2, UE ID: 0
E2SM_KPM RIC Indication Content:
-ColletStartTime:  2026-07-17 05:22:17
-Measurements Data:
-granulPeriod: 1000
--Metric: DRB.UEThpDl, Value: [59043.0]

RIC Indication Received from gnbd_208_093_00019b_0 for Subscription ID: 3, KPM Report Style: 2, UE ID: 0
E2SM_KPM RIC Indication Content:
-ColletStartTime:  2026-07-17 05:22:19
-Measurements Data:
-granulPeriod: 1000
--Metric: DRB.UEThpDl, Value: [0.0]

RIC Indication Received from gnbd_208_093_00019b_0 for Subscription ID: 3, KPM Report Style: 2, UE ID: 0
E2SM_KPM RIC Indication Content:
-ColletStartTime:  2026-07-17 05:22:21
-Measurements Data:
-granulPeriod: 1000
--Metric: DRB.UEThpDl, Value: [59043.0]

RIC Indication Received from gnbd_208_093_00019b_0 for Subscription ID: 3, KPM Report Style: 2, UE ID: 0
E2SM_KPM RIC Indication Content:
-ColletStartTime:  2026-07-17 05:22:23
-Measurements Data:
-granulPeriod: 1000
--Metric: DRB.UEThpDl, Value: [0.0]

RIC Indication Received from gnbd_208_093_00019b_0 for Subscription ID: 3, KPM Report Style: 2, UE ID: 0
E2SM_KPM RIC Indication Content:
-ColletStartTime:  2026-07-17 05:22:26
-Measurements Data:
-granulPeriod: 1000
--Metric: DRB.UEThpDl, Value: [59043.0]

RIC Indication Received from gnbd_208_093_00019b_0 for Subscription ID: 3, KPM Report Style: 2, UE ID: 0
E2SM_KPM RIC Indication Content:
-ColletStartTime:  2026-07-17 05:22:28
-Measurements Data:
-granulPeriod: 1000
--Metric: DRB.UEThpDl, Value: [0.0]

RIC Indication Received from gnbd_208_093_00019b_0 for Subscription ID: 3, KPM Report Style: 2, UE ID: 0
E2SM_KPM RIC Indication Content:
-ColletStartTime:  2026-07-17 05:22:30
-Measurements Data:
-granulPeriod: 1000
--Metric: DRB.UEThpDl, Value: [55974.0]

RIC Indication Received from gnbd_208_093_00019b_0 for Subscription ID: 3, KPM Report Style: 2, UE ID: 0
E2SM_KPM RIC Indication Content:
-ColletStartTime:  2026-07-17 05:22:31
-Measurements Data:
-granulPeriod: 1000
--Metric: DRB.UEThpDl, Value: [0.0]

RIC Indication Received from gnbd_208_093_00019b_0 for Subscription ID: 3, KPM Report Style: 2, UE ID: 0
E2SM_KPM RIC Indication Content:
-ColletStartTime:  2026-07-17 05:22:32
-Measurements Data:
-granulPeriod: 1000
--Metric: DRB.UEThpDl, Value: [0.0]

RIC Indication Received from gnbd_208_093_00019b_0 for Subscription ID: 3, KPM Report Style: 2, UE ID: 0
E2SM_KPM RIC Indication Content:
-ColletStartTime:  2026-07-17 05:22:33
-Measurements Data:
-granulPeriod: 1000
--Metric: DRB.UEThpDl, Value: [0.0]

RIC Indication Received from gnbd_208_093_00019b_0 for Subscription ID: 3, KPM Report Style: 2, UE ID: 0
E2SM_KPM RIC Indication Content:
-ColletStartTime:  2026-07-17 05:22:34
-Measurements Data:
-granulPeriod: 1000
--Metric: DRB.UEThpDl, Value: [0.0]

RIC Indication Received from gnbd_208_093_00019b_0 for Subscription ID: 3, KPM Report Style: 2, UE ID: 0
E2SM_KPM RIC Indication Content:
-ColletStartTime:  2026-07-17 05:22:35
-Measurements Data:
-granulPeriod: 1000
--Metric: DRB.UEThpDl, Value: [0.0]

RIC Indication Received from gnbd_208_093_00019b_0 for Subscription ID: 3, KPM Report Style: 2, UE ID: 0
E2SM_KPM RIC Indication Content:
-ColletStartTime:  2026-07-17 05:22:37
-Measurements Data:
-granulPeriod: 1000
--Metric: DRB.UEThpDl, Value: [0.0]

RIC Indication Received from gnbd_208_093_00019b_0 for Subscription ID: 3, KPM Report Style: 2, UE ID: 0
E2SM_KPM RIC Indication Content:
-ColletStartTime:  2026-07-17 05:22:38
-Measurements Data:
-granulPeriod: 1000
--Metric: DRB.UEThpDl, Value: [0.0]

RIC Indication Received from gnbd_208_093_00019b_0 for Subscription ID: 3, KPM Report Style: 2, UE ID: 0
E2SM_KPM RIC Indication Content:
-ColletStartTime:  2026-07-17 05:22:39
-Measurements Data:
-granulPeriod: 1000
--Metric: DRB.UEThpDl, Value: [0.0]

RIC Indication Received from gnbd_208_093_00019b_0 for Subscription ID: 3, KPM Report Style: 2, UE ID: 0
E2SM_KPM RIC Indication Content:
-ColletStartTime:  2026-07-17 05:22:40
-Measurements Data:
-granulPeriod: 1000
--Metric: DRB.UEThpDl, Value: [0.0]

RIC Indication Received from gnbd_208_093_00019b_0 for Subscription ID: 3, KPM Report Style: 2, UE ID: 0
E2SM_KPM RIC Indication Content:
-ColletStartTime:  2026-07-17 05:22:41
-Measurements Data:
-granulPeriod: 1000
--Metric: DRB.UEThpDl, Value: [0.0]

RIC Indication Received from gnbd_208_093_00019b_0 for Subscription ID: 3, KPM Report Style: 2, UE ID: 0
E2SM_KPM RIC Indication Content:
-ColletStartTime:  2026-07-17 05:22:42
-Measurements Data:
-granulPeriod: 1000
--Metric: DRB.UEThpDl, Value: [0.0]

RIC Indication Received from gnbd_208_093_00019b_0 for Subscription ID: 3, KPM Report Style: 2, UE ID: 0
E2SM_KPM RIC Indication Content:
-ColletStartTime:  2026-07-17 05:22:44
-Measurements Data:
-granulPeriod: 1000
--Metric: DRB.UEThpDl, Value: [0.0]

RIC Indication Received from gnbd_208_093_00019b_0 for Subscription ID: 3, KPM Report Style: 2, UE ID: 0
E2SM_KPM RIC Indication Content:
-ColletStartTime:  2026-07-17 05:22:45
-Measurements Data:
-granulPeriod: 1000
--Metric: DRB.UEThpDl, Value: [0.0]

RIC Indication Received from gnbd_208_093_00019b_0 for Subscription ID: 3, KPM Report Style: 2, UE ID: 0
E2SM_KPM RIC Indication Content:
-ColletStartTime:  2026-07-17 05:22:46
-Measurements Data:
-granulPeriod: 1000
--Metric: DRB.UEThpDl, Value: [0.0]

RIC Indication Received from gnbd_208_093_00019b_0 for Subscription ID: 3, KPM Report Style: 2, UE ID: 0
E2SM_KPM RIC Indication Content:
-ColletStartTime:  2026-07-17 05:22:47
-Measurements Data:
-granulPeriod: 1000
--Metric: DRB.UEThpDl, Value: [0.0]

RIC Indication Received from gnbd_208_093_00019b_0 for Subscription ID: 3, KPM Report Style: 2, UE ID: 0
E2SM_KPM RIC Indication Content:
-ColletStartTime:  2026-07-17 05:22:48
-Measurements Data:
-granulPeriod: 1000
--Metric: DRB.UEThpDl, Value: [0.0]

RIC Indication Received from gnbd_208_093_00019b_0 for Subscription ID: 3, KPM Report Style: 2, UE ID: 0
E2SM_KPM RIC Indication Content:
-ColletStartTime:  2026-07-17 05:22:50
-Measurements Data:
-granulPeriod: 1000
--Metric: DRB.UEThpDl, Value: [0.0]

RIC Indication Received from gnbd_208_093_00019b_0 for Subscription ID: 3, KPM Report Style: 2, UE ID: 0
E2SM_KPM RIC Indication Content:
-ColletStartTime:  2026-07-17 05:22:51
-Measurements Data:
-granulPeriod: 1000
--Metric: DRB.UEThpDl, Value: [0.0]

RIC Indication Received from gnbd_208_093_00019b_0 for Subscription ID: 3, KPM Report Style: 2, UE ID: 0
E2SM_KPM RIC Indication Content:
-ColletStartTime:  2026-07-17 05:22:52
-Measurements Data:
-granulPeriod: 1000
--Metric: DRB.UEThpDl, Value: [0.0]

RIC Indication Received from gnbd_208_093_00019b_0 for Subscription ID: 3, KPM Report Style: 2, UE ID: 0
E2SM_KPM RIC Indication Content:
-ColletStartTime:  2026-07-17 05:22:53
-Measurements Data:
-granulPeriod: 1000
--Metric: DRB.UEThpDl, Value: [0.0]

RIC Indication Received from gnbd_208_093_00019b_0 for Subscription ID: 3, KPM Report Style: 2, UE ID: 0
E2SM_KPM RIC Indication Content:
-ColletStartTime:  2026-07-17 05:22:54
-Measurements Data:
-granulPeriod: 1000
--Metric: DRB.UEThpDl, Value: [0.0]

RIC Indication Received from gnbd_208_093_00019b_0 for Subscription ID: 3, KPM Report Style: 2, UE ID: 0
E2SM_KPM RIC Indication Content:
-ColletStartTime:  2026-07-17 05:22:55
-Measurements Data:
-granulPeriod: 1000
--Metric: DRB.UEThpDl, Value: [0.0]

RIC Indication Received from gnbd_208_093_00019b_0 for Subscription ID: 3, KPM Report Style: 2, UE ID: 0
E2SM_KPM RIC Indication Content:
-ColletStartTime:  2026-07-17 05:22:56
-Measurements Data:
-granulPeriod: 1000
--Metric: DRB.UEThpDl, Value: [0.0]

RIC Indication Received from gnbd_208_093_00019b_0 for Subscription ID: 3, KPM Report Style: 2, UE ID: 0
E2SM_KPM RIC Indication Content:
-ColletStartTime:  2026-07-17 05:22:58
-Measurements Data:
-granulPeriod: 1000
--Metric: DRB.UEThpDl, Value: [0.0]

RIC Indication Received from gnbd_208_093_00019b_0 for Subscription ID: 3, KPM Report Style: 2, UE ID: 0
E2SM_KPM RIC Indication Content:
-ColletStartTime:  2026-07-17 05:22:59
-Measurements Data:
-granulPeriod: 1000
--Metric: DRB.UEThpDl, Value: [0.0]

RIC Indication Received from gnbd_208_093_00019b_0 for Subscription ID: 3, KPM Report Style: 2, UE ID: 0
E2SM_KPM RIC Indication Content:
-ColletStartTime:  2026-07-17 05:23:00
-Measurements Data:
-granulPeriod: 1000
--Metric: DRB.UEThpDl, Value: [0.0]

RIC Indication Received from gnbd_208_093_00019b_0 for Subscription ID: 3, KPM Report Style: 2, UE ID: 0
E2SM_KPM RIC Indication Content:
-ColletStartTime:  2026-07-17 05:23:01
-Measurements Data:
-granulPeriod: 1000
--Metric: DRB.UEThpDl, Value: [0.0]

RIC Indication Received from gnbd_208_093_00019b_0 for Subscription ID: 3, KPM Report Style: 2, UE ID: 0
E2SM_KPM RIC Indication Content:
-ColletStartTime:  2026-07-17 05:23:02
-Measurements Data:
-granulPeriod: 1000
--Metric: DRB.UEThpDl, Value: [0.0]

RIC Indication Received from gnbd_208_093_00019b_0 for Subscription ID: 3, KPM Report Style: 2, UE ID: 0
E2SM_KPM RIC Indication Content:
-ColletStartTime:  2026-07-17 05:23:04
-Measurements Data:
-granulPeriod: 1000
--Metric: DRB.UEThpDl, Value: [0.0]

RIC Indication Received from gnbd_208_093_00019b_0 for Subscription ID: 3, KPM Report Style: 2, UE ID: 0
E2SM_KPM RIC Indication Content:
-ColletStartTime:  2026-07-17 05:23:05
-Measurements Data:
-granulPeriod: 1000
--Metric: DRB.UEThpDl, Value: [0.0]

RIC Indication Received from gnbd_208_093_00019b_0 for Subscription ID: 3, KPM Report Style: 2, UE ID: 0
E2SM_KPM RIC Indication Content:
-ColletStartTime:  2026-07-17 05:23:06
-Measurements Data:
-granulPeriod: 1000
--Metric: DRB.UEThpDl, Value: [0.0]

RIC Indication Received from gnbd_208_093_00019b_0 for Subscription ID: 3, KPM Report Style: 2, UE ID: 0
E2SM_KPM RIC Indication Content:
-ColletStartTime:  2026-07-17 05:23:07
-Measurements Data:
-granulPeriod: 1000
--Metric: DRB.UEThpDl, Value: [0.0]

RIC Indication Received from gnbd_208_093_00019b_0 for Subscription ID: 3, KPM Report Style: 2, UE ID: 0
E2SM_KPM RIC Indication Content:
-ColletStartTime:  2026-07-17 05:23:08
-Measurements Data:
-granulPeriod: 1000
--Metric: DRB.UEThpDl, Value: [0.0]

RIC Indication Received from gnbd_208_093_00019b_0 for Subscription ID: 3, KPM Report Style: 2, UE ID: 0
E2SM_KPM RIC Indication Content:
-ColletStartTime:  2026-07-17 05:23:10
-Measurements Data:
-granulPeriod: 1000
--Metric: DRB.UEThpDl, Value: [0.0]

RIC Indication Received from gnbd_208_093_00019b_0 for Subscription ID: 3, KPM Report Style: 2, UE ID: 0
E2SM_KPM RIC Indication Content:
-ColletStartTime:  2026-07-17 05:23:11
-Measurements Data:
-granulPeriod: 1000
--Metric: DRB.UEThpDl, Value: [0.0]

RIC Indication Received from gnbd_208_093_00019b_0 for Subscription ID: 3, KPM Report Style: 2, UE ID: 0
E2SM_KPM RIC Indication Content:
-ColletStartTime:  2026-07-17 05:23:12
-Measurements Data:
-granulPeriod: 1000
--Metric: DRB.UEThpDl, Value: [0.0]

RIC Indication Received from gnbd_208_093_00019b_0 for Subscription ID: 3, KPM Report Style: 2, UE ID: 0
E2SM_KPM RIC Indication Content:
-ColletStartTime:  2026-07-17 05:23:13
-Measurements Data:
-granulPeriod: 1000
--Metric: DRB.UEThpDl, Value: [0.0]

RIC Indication Received from gnbd_208_093_00019b_0 for Subscription ID: 3, KPM Report Style: 2, UE ID: 0
E2SM_KPM RIC Indication Content:
-ColletStartTime:  2026-07-17 05:23:14
-Measurements Data:
-granulPeriod: 1000
--Metric: DRB.UEThpDl, Value: [0.0]

RIC Indication Received from gnbd_208_093_00019b_0 for Subscription ID: 3, KPM Report Style: 2, UE ID: 0
E2SM_KPM RIC Indication Content:
-ColletStartTime:  2026-07-17 05:23:15
-Measurements Data:
-granulPeriod: 1000
--Metric: DRB.UEThpDl, Value: [0.0]

RIC Indication Received from gnbd_208_093_00019b_0 for Subscription ID: 3, KPM Report Style: 2, UE ID: 0
E2SM_KPM RIC Indication Content:
-ColletStartTime:  2026-07-17 05:23:17
-Measurements Data:
-granulPeriod: 1000
--Metric: DRB.UEThpDl, Value: [0.0]

RIC Indication Received from gnbd_208_093_00019b_0 for Subscription ID: 3, KPM Report Style: 2, UE ID: 0
E2SM_KPM RIC Indication Content:
-ColletStartTime:  2026-07-17 05:23:18
-Measurements Data:
-granulPeriod: 1000
--Metric: DRB.UEThpDl, Value: [0.0]

RIC Indication Received from gnbd_208_093_00019b_0 for Subscription ID: 3, KPM Report Style: 2, UE ID: 0
E2SM_KPM RIC Indication Content:
-ColletStartTime:  2026-07-17 05:23:19
-Measurements Data:
-granulPeriod: 1000
--Metric: DRB.UEThpDl, Value: [0.0]

RIC Indication Received from gnbd_208_093_00019b_0 for Subscription ID: 3, KPM Report Style: 2, UE ID: 0
E2SM_KPM RIC Indication Content:
-ColletStartTime:  2026-07-17 05:23:20
-Measurements Data:
-granulPeriod: 1000
--Metric: DRB.UEThpDl, Value: [0.0]

RIC Indication Received from gnbd_208_093_00019b_0 for Subscription ID: 3, KPM Report Style: 2, UE ID: 0
E2SM_KPM RIC Indication Content:
-ColletStartTime:  2026-07-17 05:23:22
-Measurements Data:
-granulPeriod: 1000
--Metric: DRB.UEThpDl, Value: [0.0]

RIC Indication Received from gnbd_208_093_00019b_0 for Subscription ID: 3, KPM Report Style: 2, UE ID: 0
E2SM_KPM RIC Indication Content:
-ColletStartTime:  2026-07-17 05:23:23
-Measurements Data:
-granulPeriod: 1000
--Metric: DRB.UEThpDl, Value: [0.0]

RIC Indication Received from gnbd_208_093_00019b_0 for Subscription ID: 3, KPM Report Style: 2, UE ID: 0
E2SM_KPM RIC Indication Content:
-ColletStartTime:  2026-07-17 05:23:24
-Measurements Data:
-granulPeriod: 1000
--Metric: DRB.UEThpDl, Value: [0.0]

RIC Indication Received from gnbd_208_093_00019b_0 for Subscription ID: 3, KPM Report Style: 2, UE ID: 0
E2SM_KPM RIC Indication Content:
-ColletStartTime:  2026-07-17 05:23:25
-Measurements Data:
-granulPeriod: 1000
--Metric: DRB.UEThpDl, Value: [0.0]

RIC Indication Received from gnbd_208_093_00019b_0 for Subscription ID: 3, KPM Report Style: 2, UE ID: 0
E2SM_KPM RIC Indication Content:
-ColletStartTime:  2026-07-17 05:23:26
-Measurements Data:
-granulPeriod: 1000
--Metric: DRB.UEThpDl, Value: [0.0]

RIC Indication Received from gnbd_208_093_00019b_0 for Subscription ID: 3, KPM Report Style: 2, UE ID: 0
E2SM_KPM RIC Indication Content:
-ColletStartTime:  2026-07-17 05:23:28
-Measurements Data:
-granulPeriod: 1000
--Metric: DRB.UEThpDl, Value: [0.0]

RIC Indication Received from gnbd_208_093_00019b_0 for Subscription ID: 3, KPM Report Style: 2, UE ID: 0
E2SM_KPM RIC Indication Content:
-ColletStartTime:  2026-07-17 05:23:29
-Measurements Data:
-granulPeriod: 1000
--Metric: DRB.UEThpDl, Value: [0.0]

RIC Indication Received from gnbd_208_093_00019b_0 for Subscription ID: 3, KPM Report Style: 2, UE ID: 0
E2SM_KPM RIC Indication Content:
-ColletStartTime:  2026-07-17 05:23:30
-Measurements Data:
-granulPeriod: 1000
--Metric: DRB.UEThpDl, Value: [0.0]

RIC Indication Received from gnbd_208_093_00019b_0 for Subscription ID: 3, KPM Report Style: 2, UE ID: 0
E2SM_KPM RIC Indication Content:
-ColletStartTime:  2026-07-17 05:23:32
-Measurements Data:
-granulPeriod: 1000
--Metric: DRB.UEThpDl, Value: [0.0]

RIC Indication Received from gnbd_208_093_00019b_0 for Subscription ID: 3, KPM Report Style: 2, UE ID: 0
E2SM_KPM RIC Indication Content:
-ColletStartTime:  2026-07-17 05:23:33
-Measurements Data:
-granulPeriod: 1000
--Metric: DRB.UEThpDl, Value: [0.0]

RIC Indication Received from gnbd_208_093_00019b_0 for Subscription ID: 3, KPM Report Style: 2, UE ID: 0
E2SM_KPM RIC Indication Content:
-ColletStartTime:  2026-07-17 05:23:34
-Measurements Data:
-granulPeriod: 1000
--Metric: DRB.UEThpDl, Value: [0.0]

RIC Indication Received from gnbd_208_093_00019b_0 for Subscription ID: 3, KPM Report Style: 2, UE ID: 0
E2SM_KPM RIC Indication Content:
-ColletStartTime:  2026-07-17 05:23:35
-Measurements Data:
-granulPeriod: 1000
--Metric: DRB.UEThpDl, Value: [0.0]

RIC Indication Received from gnbd_208_093_00019b_0 for Subscription ID: 3, KPM Report Style: 2, UE ID: 0
E2SM_KPM RIC Indication Content:
-ColletStartTime:  2026-07-17 05:23:36
-Measurements Data:
-granulPeriod: 1000
--Metric: DRB.UEThpDl, Value: [0.0]

RIC Indication Received from gnbd_208_093_00019b_0 for Subscription ID: 3, KPM Report Style: 2, UE ID: 0
E2SM_KPM RIC Indication Content:
-ColletStartTime:  2026-07-17 05:23:38
-Measurements Data:
-granulPeriod: 1000
--Metric: DRB.UEThpDl, Value: [0.0]

RIC Indication Received from gnbd_208_093_00019b_0 for Subscription ID: 3, KPM Report Style: 2, UE ID: 0
E2SM_KPM RIC Indication Content:
-ColletStartTime:  2026-07-17 05:23:39
-Measurements Data:
-granulPeriod: 1000
--Metric: DRB.UEThpDl, Value: [0.0]

RIC Indication Received from gnbd_208_093_00019b_0 for Subscription ID: 3, KPM Report Style: 2, UE ID: 0
E2SM_KPM RIC Indication Content:
-ColletStartTime:  2026-07-17 05:23:40
-Measurements Data:
-granulPeriod: 1000
--Metric: DRB.UEThpDl, Value: [0.0]

RIC Indication Received from gnbd_208_093_00019b_0 for Subscription ID: 3, KPM Report Style: 2, UE ID: 0
E2SM_KPM RIC Indication Content:
-ColletStartTime:  2026-07-17 05:23:41
-Measurements Data:
-granulPeriod: 1000
--Metric: DRB.UEThpDl, Value: [0.0]

RIC Indication Received from gnbd_208_093_00019b_0 for Subscription ID: 3, KPM Report Style: 2, UE ID: 0
E2SM_KPM RIC Indication Content:
-ColletStartTime:  2026-07-17 05:23:42
-Measurements Data:
-granulPeriod: 1000
--Metric: DRB.UEThpDl, Value: [0.0]

RIC Indication Received from gnbd_208_093_00019b_0 for Subscription ID: 3, KPM Report Style: 2, UE ID: 0
E2SM_KPM RIC Indication Content:
-ColletStartTime:  2026-07-17 05:23:44
-Measurements Data:
-granulPeriod: 1000
--Metric: DRB.UEThpDl, Value: [0.0]

RIC Indication Received from gnbd_208_093_00019b_0 for Subscription ID: 3, KPM Report Style: 2, UE ID: 0
E2SM_KPM RIC Indication Content:
-ColletStartTime:  2026-07-17 05:23:45
-Measurements Data:
-granulPeriod: 1000
--Metric: DRB.UEThpDl, Value: [0.0]

RIC Indication Received from gnbd_208_093_00019b_0 for Subscription ID: 3, KPM Report Style: 2, UE ID: 0
E2SM_KPM RIC Indication Content:
-ColletStartTime:  2026-07-17 05:23:46
-Measurements Data:
-granulPeriod: 1000
--Metric: DRB.UEThpDl, Value: [0.0]

RIC Indication Received from gnbd_208_093_00019b_0 for Subscription ID: 3, KPM Report Style: 2, UE ID: 0
E2SM_KPM RIC Indication Content:
-ColletStartTime:  2026-07-17 05:23:47
-Measurements Data:
-granulPeriod: 1000
--Metric: DRB.UEThpDl, Value: [0.0]

RIC Indication Received from gnbd_208_093_00019b_0 for Subscription ID: 3, KPM Report Style: 2, UE ID: 0
E2SM_KPM RIC Indication Content:
-ColletStartTime:  2026-07-17 05:23:48
-Measurements Data:
-granulPeriod: 1000
--Metric: DRB.UEThpDl, Value: [0.0]

RIC Indication Received from gnbd_208_093_00019b_0 for Subscription ID: 3, KPM Report Style: 2, UE ID: 0
E2SM_KPM RIC Indication Content:
-ColletStartTime:  2026-07-17 05:23:50
-Measurements Data:
-granulPeriod: 1000
--Metric: DRB.UEThpDl, Value: [0.0]

RIC Indication Received from gnbd_208_093_00019b_0 for Subscription ID: 3, KPM Report Style: 2, UE ID: 0
E2SM_KPM RIC Indication Content:
-ColletStartTime:  2026-07-17 05:23:51
-Measurements Data:
-granulPeriod: 1000
--Metric: DRB.UEThpDl, Value: [0.0]

RIC Indication Received from gnbd_208_093_00019b_0 for Subscription ID: 3, KPM Report Style: 2, UE ID: 0
E2SM_KPM RIC Indication Content:
-ColletStartTime:  2026-07-17 05:23:52
-Measurements Data:
-granulPeriod: 1000
--Metric: DRB.UEThpDl, Value: [0.0]

RIC Indication Received from gnbd_208_093_00019b_0 for Subscription ID: 3, KPM Report Style: 2, UE ID: 0
E2SM_KPM RIC Indication Content:
-ColletStartTime:  2026-07-17 05:23:53
-Measurements Data:
-granulPeriod: 1000
--Metric: DRB.UEThpDl, Value: [0.0]

RIC Indication Received from gnbd_208_093_00019b_0 for Subscription ID: 3, KPM Report Style: 2, UE ID: 0
E2SM_KPM RIC Indication Content:
-ColletStartTime:  2026-07-17 05:23:55
-Measurements Data:
-granulPeriod: 1000
--Metric: DRB.UEThpDl, Value: [0.0]

RIC Indication Received from gnbd_208_093_00019b_0 for Subscription ID: 3, KPM Report Style: 2, UE ID: 0
E2SM_KPM RIC Indication Content:
-ColletStartTime:  2026-07-17 05:23:56
-Measurements Data:
-granulPeriod: 1000
--Metric: DRB.UEThpDl, Value: [0.0]

RIC Indication Received from gnbd_208_093_00019b_0 for Subscription ID: 3, KPM Report Style: 2, UE ID: 0
E2SM_KPM RIC Indication Content:
-ColletStartTime:  2026-07-17 05:23:57
-Measurements Data:
-granulPeriod: 1000
--Metric: DRB.UEThpDl, Value: [0.0]

RIC Indication Received from gnbd_208_093_00019b_0 for Subscription ID: 3, KPM Report Style: 2, UE ID: 0
E2SM_KPM RIC Indication Content:
-ColletStartTime:  2026-07-17 05:23:58
-Measurements Data:
-granulPeriod: 1000
--Metric: DRB.UEThpDl, Value: [0.0]

RIC Indication Received from gnbd_208_093_00019b_0 for Subscription ID: 3, KPM Report Style: 2, UE ID: 0
E2SM_KPM RIC Indication Content:
-ColletStartTime:  2026-07-17 05:23:59
-Measurements Data:
-granulPeriod: 1000
--Metric: DRB.UEThpDl, Value: [0.0]

RIC Indication Received from gnbd_208_093_00019b_0 for Subscription ID: 3, KPM Report Style: 2, UE ID: 0
E2SM_KPM RIC Indication Content:
-ColletStartTime:  2026-07-17 05:24:01
-Measurements Data:
-granulPeriod: 1000
--Metric: DRB.UEThpDl, Value: [0.0]

RIC Indication Received from gnbd_208_093_00019b_0 for Subscription ID: 3, KPM Report Style: 2, UE ID: 0
E2SM_KPM RIC Indication Content:
-ColletStartTime:  2026-07-17 05:24:02
-Measurements Data:
-granulPeriod: 1000
--Metric: DRB.UEThpDl, Value: [0.0]

RIC Indication Received from gnbd_208_093_00019b_0 for Subscription ID: 3, KPM Report Style: 2, UE ID: 0
E2SM_KPM RIC Indication Content:
-ColletStartTime:  2026-07-17 05:24:03
-Measurements Data:
-granulPeriod: 1000
--Metric: DRB.UEThpDl, Value: [0.0]

RIC Indication Received from gnbd_208_093_00019b_0 for Subscription ID: 3, KPM Report Style: 2, UE ID: 0
E2SM_KPM RIC Indication Content:
-ColletStartTime:  2026-07-17 05:24:04
-Measurements Data:
-granulPeriod: 1000
--Metric: DRB.UEThpDl, Value: [0.0]

RIC Indication Received from gnbd_208_093_00019b_0 for Subscription ID: 3, KPM Report Style: 2, UE ID: 0
E2SM_KPM RIC Indication Content:
-ColletStartTime:  2026-07-17 05:24:05
-Measurements Data:
-granulPeriod: 1000
--Metric: DRB.UEThpDl, Value: [0.0]

RIC Indication Received from gnbd_208_093_00019b_0 for Subscription ID: 3, KPM Report Style: 2, UE ID: 0
E2SM_KPM RIC Indication Content:
-ColletStartTime:  2026-07-17 05:24:07
-Measurements Data:
-granulPeriod: 1000
--Metric: DRB.UEThpDl, Value: [0.0]

RIC Indication Received from gnbd_208_093_00019b_0 for Subscription ID: 3, KPM Report Style: 2, UE ID: 0
E2SM_KPM RIC Indication Content:
-ColletStartTime:  2026-07-17 05:24:08
-Measurements Data:
-granulPeriod: 1000
--Metric: DRB.UEThpDl, Value: [0.0]

RIC Indication Received from gnbd_208_093_00019b_0 for Subscription ID: 3, KPM Report Style: 2, UE ID: 0
E2SM_KPM RIC Indication Content:
-ColletStartTime:  2026-07-17 05:24:09
-Measurements Data:
-granulPeriod: 1000
--Metric: DRB.UEThpDl, Value: [0.0]

RIC Indication Received from gnbd_208_093_00019b_0 for Subscription ID: 3, KPM Report Style: 2, UE ID: 0
E2SM_KPM RIC Indication Content:
-ColletStartTime:  2026-07-17 05:24:10
-Measurements Data:
-granulPeriod: 1000
--Metric: DRB.UEThpDl, Value: [0.0]

RIC Indication Received from gnbd_208_093_00019b_0 for Subscription ID: 3, KPM Report Style: 2, UE ID: 0
E2SM_KPM RIC Indication Content:
-ColletStartTime:  2026-07-17 05:24:11
-Measurements Data:
-granulPeriod: 1000
--Metric: DRB.UEThpDl, Value: [0.0]

RIC Indication Received from gnbd_208_093_00019b_0 for Subscription ID: 3, KPM Report Style: 2, UE ID: 0
E2SM_KPM RIC Indication Content:
-ColletStartTime:  2026-07-17 05:24:13
-Measurements Data:
-granulPeriod: 1000
--Metric: DRB.UEThpDl, Value: [0.0]

RIC Indication Received from gnbd_208_093_00019b_0 for Subscription ID: 3, KPM Report Style: 2, UE ID: 0
E2SM_KPM RIC Indication Content:
-ColletStartTime:  2026-07-17 05:24:14
-Measurements Data:
-granulPeriod: 1000
--Metric: DRB.UEThpDl, Value: [0.0]

RIC Indication Received from gnbd_208_093_00019b_0 for Subscription ID: 3, KPM Report Style: 2, UE ID: 0
E2SM_KPM RIC Indication Content:
-ColletStartTime:  2026-07-17 05:24:15
-Measurements Data:
-granulPeriod: 1000
--Metric: DRB.UEThpDl, Value: [0.0]

RIC Indication Received from gnbd_208_093_00019b_0 for Subscription ID: 3, KPM Report Style: 2, UE ID: 0
E2SM_KPM RIC Indication Content:
-ColletStartTime:  2026-07-17 05:24:16
-Measurements Data:
-granulPeriod: 1000
--Metric: DRB.UEThpDl, Value: [0.0]

RIC Indication Received from gnbd_208_093_00019b_0 for Subscription ID: 3, KPM Report Style: 2, UE ID: 0
E2SM_KPM RIC Indication Content:
-ColletStartTime:  2026-07-17 05:24:17
-Measurements Data:
-granulPeriod: 1000
--Metric: DRB.UEThpDl, Value: [0.0]

RIC Indication Received from gnbd_208_093_00019b_0 for Subscription ID: 3, KPM Report Style: 2, UE ID: 0
E2SM_KPM RIC Indication Content:
-ColletStartTime:  2026-07-17 05:24:19
-Measurements Data:
-granulPeriod: 1000
--Metric: DRB.UEThpDl, Value: [0.0]

RIC Indication Received from gnbd_208_093_00019b_0 for Subscription ID: 3, KPM Report Style: 2, UE ID: 0
E2SM_KPM RIC Indication Content:
-ColletStartTime:  2026-07-17 05:24:20
-Measurements Data:
-granulPeriod: 1000
--Metric: DRB.UEThpDl, Value: [0.0]

RIC Indication Received from gnbd_208_093_00019b_0 for Subscription ID: 3, KPM Report Style: 2, UE ID: 0
E2SM_KPM RIC Indication Content:
-ColletStartTime:  2026-07-17 05:24:21
-Measurements Data:
-granulPeriod: 1000
--Metric: DRB.UEThpDl, Value: [0.0]

RIC Indication Received from gnbd_208_093_00019b_0 for Subscription ID: 3, KPM Report Style: 2, UE ID: 0
E2SM_KPM RIC Indication Content:
-ColletStartTime:  2026-07-17 05:24:22
-Measurements Data:
-granulPeriod: 1000
--Metric: DRB.UEThpDl, Value: [0.0]

RIC Indication Received from gnbd_208_093_00019b_0 for Subscription ID: 3, KPM Report Style: 2, UE ID: 0
E2SM_KPM RIC Indication Content:
-ColletStartTime:  2026-07-17 05:24:23
-Measurements Data:
-granulPeriod: 1000
--Metric: DRB.UEThpDl, Value: [0.0]

RIC Indication Received from gnbd_208_093_00019b_0 for Subscription ID: 3, KPM Report Style: 2, UE ID: 0
E2SM_KPM RIC Indication Content:
-ColletStartTime:  2026-07-17 05:24:25
-Measurements Data:
-granulPeriod: 1000
--Metric: DRB.UEThpDl, Value: [0.0]

RIC Indication Received from gnbd_208_093_00019b_0 for Subscription ID: 3, KPM Report Style: 2, UE ID: 0
E2SM_KPM RIC Indication Content:
-ColletStartTime:  2026-07-17 05:24:26
-Measurements Data:
-granulPeriod: 1000
--Metric: DRB.UEThpDl, Value: [0.0]

RIC Indication Received from gnbd_208_093_00019b_0 for Subscription ID: 3, KPM Report Style: 2, UE ID: 0
E2SM_KPM RIC Indication Content:
-ColletStartTime:  2026-07-17 05:24:27
-Measurements Data:
-granulPeriod: 1000
--Metric: DRB.UEThpDl, Value: [0.0]

RIC Indication Received from gnbd_208_093_00019b_0 for Subscription ID: 3, KPM Report Style: 2, UE ID: 0
E2SM_KPM RIC Indication Content:
-ColletStartTime:  2026-07-17 05:24:28
-Measurements Data:
-granulPeriod: 1000
--Metric: DRB.UEThpDl, Value: [0.0]

RIC Indication Received from gnbd_208_093_00019b_0 for Subscription ID: 3, KPM Report Style: 2, UE ID: 0
E2SM_KPM RIC Indication Content:
-ColletStartTime:  2026-07-17 05:24:30
-Measurements Data:
-granulPeriod: 1000
--Metric: DRB.UEThpDl, Value: [0.0]

RIC Indication Received from gnbd_208_093_00019b_0 for Subscription ID: 3, KPM Report Style: 2, UE ID: 0
E2SM_KPM RIC Indication Content:
-ColletStartTime:  2026-07-17 05:24:31
-Measurements Data:
-granulPeriod: 1000
--Metric: DRB.UEThpDl, Value: [0.0]

RIC Indication Received from gnbd_208_093_00019b_0 for Subscription ID: 3, KPM Report Style: 2, UE ID: 0
E2SM_KPM RIC Indication Content:
-ColletStartTime:  2026-07-17 05:24:32
-Measurements Data:
-granulPeriod: 1000
--Metric: DRB.UEThpDl, Value: [0.0]

RIC Indication Received from gnbd_208_093_00019b_0 for Subscription ID: 3, KPM Report Style: 2, UE ID: 0
E2SM_KPM RIC Indication Content:
-ColletStartTime:  2026-07-17 05:24:34
-Measurements Data:
-granulPeriod: 1000
--Metric: DRB.UEThpDl, Value: [0.0]

RIC Indication Received from gnbd_208_093_00019b_0 for Subscription ID: 3, KPM Report Style: 2, UE ID: 0
E2SM_KPM RIC Indication Content:
-ColletStartTime:  2026-07-17 05:24:35
-Measurements Data:
-granulPeriod: 1000
--Metric: DRB.UEThpDl, Value: [0.0]

RIC Indication Received from gnbd_208_093_00019b_0 for Subscription ID: 3, KPM Report Style: 2, UE ID: 0
E2SM_KPM RIC Indication Content:
-ColletStartTime:  2026-07-17 05:24:36
-Measurements Data:
-granulPeriod: 1000
--Metric: DRB.UEThpDl, Value: [0.0]

RIC Indication Received from gnbd_208_093_00019b_0 for Subscription ID: 3, KPM Report Style: 2, UE ID: 0
E2SM_KPM RIC Indication Content:
-ColletStartTime:  2026-07-17 05:24:37
-Measurements Data:
-granulPeriod: 1000
--Metric: DRB.UEThpDl, Value: [0.0]

RIC Indication Received from gnbd_208_093_00019b_0 for Subscription ID: 3, KPM Report Style: 2, UE ID: 0
E2SM_KPM RIC Indication Content:
-ColletStartTime:  2026-07-17 05:24:38
-Measurements Data:
-granulPeriod: 1000
--Metric: DRB.UEThpDl, Value: [0.0]

RIC Indication Received from gnbd_208_093_00019b_0 for Subscription ID: 3, KPM Report Style: 2, UE ID: 0
E2SM_KPM RIC Indication Content:
-ColletStartTime:  2026-07-17 05:24:40
-Measurements Data:
-granulPeriod: 1000
--Metric: DRB.UEThpDl, Value: [0.0]

RIC Indication Received from gnbd_208_093_00019b_0 for Subscription ID: 3, KPM Report Style: 2, UE ID: 0
E2SM_KPM RIC Indication Content:
-ColletStartTime:  2026-07-17 05:24:41
-Measurements Data:
-granulPeriod: 1000
--Metric: DRB.UEThpDl, Value: [0.0]

RIC Indication Received from gnbd_208_093_00019b_0 for Subscription ID: 3, KPM Report Style: 2, UE ID: 0
E2SM_KPM RIC Indication Content:
-ColletStartTime:  2026-07-17 05:24:42
-Measurements Data:
-granulPeriod: 1000
--Metric: DRB.UEThpDl, Value: [0.0]

RIC Indication Received from gnbd_208_093_00019b_0 for Subscription ID: 3, KPM Report Style: 2, UE ID: 0
E2SM_KPM RIC Indication Content:
-ColletStartTime:  2026-07-17 05:24:43
-Measurements Data:
-granulPeriod: 1000
--Metric: DRB.UEThpDl, Value: [0.0]

RIC Indication Received from gnbd_208_093_00019b_0 for Subscription ID: 3, KPM Report Style: 2, UE ID: 0
E2SM_KPM RIC Indication Content:
-ColletStartTime:  2026-07-17 05:24:44
-Measurements Data:
-granulPeriod: 1000
--Metric: DRB.UEThpDl, Value: [0.0]

RIC Indication Received from gnbd_208_093_00019b_0 for Subscription ID: 3, KPM Report Style: 2, UE ID: 0
E2SM_KPM RIC Indication Content:
-ColletStartTime:  2026-07-17 05:24:46
-Measurements Data:
-granulPeriod: 1000
--Metric: DRB.UEThpDl, Value: [0.0]

RIC Indication Received from gnbd_208_093_00019b_0 for Subscription ID: 3, KPM Report Style: 2, UE ID: 0
E2SM_KPM RIC Indication Content:
-ColletStartTime:  2026-07-17 05:24:47
-Measurements Data:
-granulPeriod: 1000
--Metric: DRB.UEThpDl, Value: [0.0]

RIC Indication Received from gnbd_208_093_00019b_0 for Subscription ID: 3, KPM Report Style: 2, UE ID: 0
E2SM_KPM RIC Indication Content:
-ColletStartTime:  2026-07-17 05:24:48
-Measurements Data:
-granulPeriod: 1000
--Metric: DRB.UEThpDl, Value: [0.0]

RIC Indication Received from gnbd_208_093_00019b_0 for Subscription ID: 3, KPM Report Style: 2, UE ID: 0
E2SM_KPM RIC Indication Content:
-ColletStartTime:  2026-07-17 05:24:49
-Measurements Data:
-granulPeriod: 1000
--Metric: DRB.UEThpDl, Value: [0.0]

RIC Indication Received from gnbd_208_093_00019b_0 for Subscription ID: 3, KPM Report Style: 2, UE ID: 0
E2SM_KPM RIC Indication Content:
-ColletStartTime:  2026-07-17 05:24:50
-Measurements Data:
-granulPeriod: 1000
--Metric: DRB.UEThpDl, Value: [0.0]

RIC Indication Received from gnbd_208_093_00019b_0 for Subscription ID: 3, KPM Report Style: 2, UE ID: 0
E2SM_KPM RIC Indication Content:
-ColletStartTime:  2026-07-17 05:24:51
-Measurements Data:
-granulPeriod: 1000
--Metric: DRB.UEThpDl, Value: [0.0]

RIC Indication Received from gnbd_208_093_00019b_0 for Subscription ID: 3, KPM Report Style: 2, UE ID: 0
E2SM_KPM RIC Indication Content:
-ColletStartTime:  2026-07-17 05:24:53
-Measurements Data:
-granulPeriod: 1000
--Metric: DRB.UEThpDl, Value: [0.0]

RIC Indication Received from gnbd_208_093_00019b_0 for Subscription ID: 3, KPM Report Style: 2, UE ID: 0
E2SM_KPM RIC Indication Content:
-ColletStartTime:  2026-07-17 05:24:54
-Measurements Data:
-granulPeriod: 1000
--Metric: DRB.UEThpDl, Value: [0.0]

RIC Indication Received from gnbd_208_093_00019b_0 for Subscription ID: 3, KPM Report Style: 2, UE ID: 0
E2SM_KPM RIC Indication Content:
-ColletStartTime:  2026-07-17 05:24:55
-Measurements Data:
-granulPeriod: 1000
--Metric: DRB.UEThpDl, Value: [0.0]

RIC Indication Received from gnbd_208_093_00019b_0 for Subscription ID: 3, KPM Report Style: 2, UE ID: 0
E2SM_KPM RIC Indication Content:
-ColletStartTime:  2026-07-17 05:24:56
-Measurements Data:
-granulPeriod: 1000
--Metric: DRB.UEThpDl, Value: [0.0]

RIC Indication Received from gnbd_208_093_00019b_0 for Subscription ID: 3, KPM Report Style: 2, UE ID: 0
E2SM_KPM RIC Indication Content:
-ColletStartTime:  2026-07-17 05:24:57
-Measurements Data:
-granulPeriod: 1000
--Metric: DRB.UEThpDl, Value: [0.0]

RIC Indication Received from gnbd_208_093_00019b_0 for Subscription ID: 3, KPM Report Style: 2, UE ID: 0
E2SM_KPM RIC Indication Content:
-ColletStartTime:  2026-07-17 05:24:58
-Measurements Data:
-granulPeriod: 1000
--Metric: DRB.UEThpDl, Value: [0.0]

RIC Indication Received from gnbd_208_093_00019b_0 for Subscription ID: 3, KPM Report Style: 2, UE ID: 0
E2SM_KPM RIC Indication Content:
-ColletStartTime:  2026-07-17 05:25:00
-Measurements Data:
-granulPeriod: 1000
--Metric: DRB.UEThpDl, Value: [0.0]

RIC Indication Received from gnbd_208_093_00019b_0 for Subscription ID: 3, KPM Report Style: 2, UE ID: 0
E2SM_KPM RIC Indication Content:
-ColletStartTime:  2026-07-17 05:25:01
-Measurements Data:
-granulPeriod: 1000
--Metric: DRB.UEThpDl, Value: [0.0]

RIC Indication Received from gnbd_208_093_00019b_0 for Subscription ID: 3, KPM Report Style: 2, UE ID: 0
E2SM_KPM RIC Indication Content:
-ColletStartTime:  2026-07-17 05:25:02
-Measurements Data:
-granulPeriod: 1000
--Metric: DRB.UEThpDl, Value: [0.0]

RIC Indication Received from gnbd_208_093_00019b_0 for Subscription ID: 3, KPM Report Style: 2, UE ID: 0
E2SM_KPM RIC Indication Content:
-ColletStartTime:  2026-07-17 05:25:03
-Measurements Data:
-granulPeriod: 1000
--Metric: DRB.UEThpDl, Value: [0.0]

RIC Indication Received from gnbd_208_093_00019b_0 for Subscription ID: 3, KPM Report Style: 2, UE ID: 0
E2SM_KPM RIC Indication Content:
-ColletStartTime:  2026-07-17 05:25:04
-Measurements Data:
-granulPeriod: 1000
--Metric: DRB.UEThpDl, Value: [0.0]

RIC Indication Received from gnbd_208_093_00019b_0 for Subscription ID: 3, KPM Report Style: 2, UE ID: 0
E2SM_KPM RIC Indication Content:
-ColletStartTime:  2026-07-17 05:25:06
-Measurements Data:
-granulPeriod: 1000
--Metric: DRB.UEThpDl, Value: [0.0]

RIC Indication Received from gnbd_208_093_00019b_0 for Subscription ID: 3, KPM Report Style: 2, UE ID: 0
E2SM_KPM RIC Indication Content:
-ColletStartTime:  2026-07-17 05:25:07
-Measurements Data:
-granulPeriod: 1000
--Metric: DRB.UEThpDl, Value: [0.0]

RIC Indication Received from gnbd_208_093_00019b_0 for Subscription ID: 3, KPM Report Style: 2, UE ID: 0
E2SM_KPM RIC Indication Content:
-ColletStartTime:  2026-07-17 05:25:08
-Measurements Data:
-granulPeriod: 1000
--Metric: DRB.UEThpDl, Value: [0.0]

RIC Indication Received from gnbd_208_093_00019b_0 for Subscription ID: 3, KPM Report Style: 2, UE ID: 0
E2SM_KPM RIC Indication Content:
-ColletStartTime:  2026-07-17 05:25:10
-Measurements Data:
-granulPeriod: 1000
--Metric: DRB.UEThpDl, Value: [0.0]

RIC Indication Received from gnbd_208_093_00019b_0 for Subscription ID: 3, KPM Report Style: 2, UE ID: 0
E2SM_KPM RIC Indication Content:
-ColletStartTime:  2026-07-17 05:25:11
-Measurements Data:
-granulPeriod: 1000
--Metric: DRB.UEThpDl, Value: [0.0]

RIC Indication Received from gnbd_208_093_00019b_0 for Subscription ID: 3, KPM Report Style: 2, UE ID: 0
E2SM_KPM RIC Indication Content:
-ColletStartTime:  2026-07-17 05:25:12
-Measurements Data:
-granulPeriod: 1000
--Metric: DRB.UEThpDl, Value: [0.0]

RIC Indication Received from gnbd_208_093_00019b_0 for Subscription ID: 3, KPM Report Style: 2, UE ID: 0
E2SM_KPM RIC Indication Content:
-ColletStartTime:  2026-07-17 05:25:13
-Measurements Data:
-granulPeriod: 1000
--Metric: DRB.UEThpDl, Value: [0.0]

RIC Indication Received from gnbd_208_093_00019b_0 for Subscription ID: 3, KPM Report Style: 2, UE ID: 0
E2SM_KPM RIC Indication Content:
-ColletStartTime:  2026-07-17 05:25:14
-Measurements Data:
-granulPeriod: 1000
--Metric: DRB.UEThpDl, Value: [0.0]

RIC Indication Received from gnbd_208_093_00019b_0 for Subscription ID: 3, KPM Report Style: 2, UE ID: 0
E2SM_KPM RIC Indication Content:
-ColletStartTime:  2026-07-17 05:25:16
-Measurements Data:
-granulPeriod: 1000
--Metric: DRB.UEThpDl, Value: [0.0]

RIC Indication Received from gnbd_208_093_00019b_0 for Subscription ID: 3, KPM Report Style: 2, UE ID: 0
E2SM_KPM RIC Indication Content:
-ColletStartTime:  2026-07-17 05:25:17
-Measurements Data:
-granulPeriod: 1000
--Metric: DRB.UEThpDl, Value: [0.0]

RIC Indication Received from gnbd_208_093_00019b_0 for Subscription ID: 3, KPM Report Style: 2, UE ID: 0
E2SM_KPM RIC Indication Content:
-ColletStartTime:  2026-07-17 05:25:18
-Measurements Data:
-granulPeriod: 1000
--Metric: DRB.UEThpDl, Value: [0.0]

RIC Indication Received from gnbd_208_093_00019b_0 for Subscription ID: 3, KPM Report Style: 2, UE ID: 0
E2SM_KPM RIC Indication Content:
-ColletStartTime:  2026-07-17 05:25:20
-Measurements Data:
-granulPeriod: 1000
--Metric: DRB.UEThpDl, Value: [0.0]

RIC Indication Received from gnbd_208_093_00019b_0 for Subscription ID: 3, KPM Report Style: 2, UE ID: 0
E2SM_KPM RIC Indication Content:
-ColletStartTime:  2026-07-17 05:25:21
-Measurements Data:
-granulPeriod: 1000
--Metric: DRB.UEThpDl, Value: [0.0]

RIC Indication Received from gnbd_208_093_00019b_0 for Subscription ID: 3, KPM Report Style: 2, UE ID: 0
E2SM_KPM RIC Indication Content:
-ColletStartTime:  2026-07-17 05:25:22
-Measurements Data:
-granulPeriod: 1000
--Metric: DRB.UEThpDl, Value: [0.0]

RIC Indication Received from gnbd_208_093_00019b_0 for Subscription ID: 3, KPM Report Style: 2, UE ID: 0
E2SM_KPM RIC Indication Content:
-ColletStartTime:  2026-07-17 05:25:23
-Measurements Data:
-granulPeriod: 1000
--Metric: DRB.UEThpDl, Value: [0.0]

RIC Indication Received from gnbd_208_093_00019b_0 for Subscription ID: 3, KPM Report Style: 2, UE ID: 0
E2SM_KPM RIC Indication Content:
-ColletStartTime:  2026-07-17 05:25:24
-Measurements Data:
-granulPeriod: 1000
--Metric: DRB.UEThpDl, Value: [0.0]

RIC Indication Received from gnbd_208_093_00019b_0 for Subscription ID: 3, KPM Report Style: 2, UE ID: 0
E2SM_KPM RIC Indication Content:
-ColletStartTime:  2026-07-17 05:25:26
-Measurements Data:
-granulPeriod: 1000
--Metric: DRB.UEThpDl, Value: [0.0]

RIC Indication Received from gnbd_208_093_00019b_0 for Subscription ID: 3, KPM Report Style: 2, UE ID: 0
E2SM_KPM RIC Indication Content:
-ColletStartTime:  2026-07-17 05:25:27
-Measurements Data:
-granulPeriod: 1000
--Metric: DRB.UEThpDl, Value: [0.0]

RIC Indication Received from gnbd_208_093_00019b_0 for Subscription ID: 3, KPM Report Style: 2, UE ID: 0
E2SM_KPM RIC Indication Content:
-ColletStartTime:  2026-07-17 05:25:28
-Measurements Data:
-granulPeriod: 1000
--Metric: DRB.UEThpDl, Value: [0.0]

RIC Indication Received from gnbd_208_093_00019b_0 for Subscription ID: 3, KPM Report Style: 2, UE ID: 0
E2SM_KPM RIC Indication Content:
-ColletStartTime:  2026-07-17 05:25:29
-Measurements Data:
-granulPeriod: 1000
--Metric: DRB.UEThpDl, Value: [0.0]

RIC Indication Received from gnbd_208_093_00019b_0 for Subscription ID: 3, KPM Report Style: 2, UE ID: 0
E2SM_KPM RIC Indication Content:
-ColletStartTime:  2026-07-17 05:25:30
-Measurements Data:
-granulPeriod: 1000
--Metric: DRB.UEThpDl, Value: [0.0]

RIC Indication Received from gnbd_208_093_00019b_0 for Subscription ID: 3, KPM Report Style: 2, UE ID: 0
E2SM_KPM RIC Indication Content:
-ColletStartTime:  2026-07-17 05:25:32
-Measurements Data:
-granulPeriod: 1000
--Metric: DRB.UEThpDl, Value: [0.0]

RIC Indication Received from gnbd_208_093_00019b_0 for Subscription ID: 3, KPM Report Style: 2, UE ID: 0
E2SM_KPM RIC Indication Content:
-ColletStartTime:  2026-07-17 05:25:33
-Measurements Data:
-granulPeriod: 1000
--Metric: DRB.UEThpDl, Value: [0.0]

RIC Indication Received from gnbd_208_093_00019b_0 for Subscription ID: 3, KPM Report Style: 2, UE ID: 0
E2SM_KPM RIC Indication Content:
-ColletStartTime:  2026-07-17 05:25:34
-Measurements Data:
-granulPeriod: 1000
--Metric: DRB.UEThpDl, Value: [0.0]

RIC Indication Received from gnbd_208_093_00019b_0 for Subscription ID: 3, KPM Report Style: 2, UE ID: 0
E2SM_KPM RIC Indication Content:
-ColletStartTime:  2026-07-17 05:25:35
-Measurements Data:
-granulPeriod: 1000
--Metric: DRB.UEThpDl, Value: [0.0]

RIC Indication Received from gnbd_208_093_00019b_0 for Subscription ID: 3, KPM Report Style: 2, UE ID: 0
E2SM_KPM RIC Indication Content:
-ColletStartTime:  2026-07-17 05:25:36
-Measurements Data:
-granulPeriod: 1000
--Metric: DRB.UEThpDl, Value: [0.0]

RIC Indication Received from gnbd_208_093_00019b_0 for Subscription ID: 3, KPM Report Style: 2, UE ID: 0
E2SM_KPM RIC Indication Content:
-ColletStartTime:  2026-07-17 05:25:38
-Measurements Data:
-granulPeriod: 1000
--Metric: DRB.UEThpDl, Value: [0.0]

RIC Indication Received from gnbd_208_093_00019b_0 for Subscription ID: 3, KPM Report Style: 2, UE ID: 0
E2SM_KPM RIC Indication Content:
-ColletStartTime:  2026-07-17 05:25:39
-Measurements Data:
-granulPeriod: 1000
--Metric: DRB.UEThpDl, Value: [0.0]

RIC Indication Received from gnbd_208_093_00019b_0 for Subscription ID: 3, KPM Report Style: 2, UE ID: 0
E2SM_KPM RIC Indication Content:
-ColletStartTime:  2026-07-17 05:25:40
-Measurements Data:
-granulPeriod: 1000
--Metric: DRB.UEThpDl, Value: [0.0]

RIC Indication Received from gnbd_208_093_00019b_0 for Subscription ID: 3, KPM Report Style: 2, UE ID: 0
E2SM_KPM RIC Indication Content:
-ColletStartTime:  2026-07-17 05:25:41
-Measurements Data:
-granulPeriod: 1000
--Metric: DRB.UEThpDl, Value: [0.0]

RIC Indication Received from gnbd_208_093_00019b_0 for Subscription ID: 3, KPM Report Style: 2, UE ID: 0
E2SM_KPM RIC Indication Content:
-ColletStartTime:  2026-07-17 05:25:42
-Measurements Data:
-granulPeriod: 1000
--Metric: DRB.UEThpDl, Value: [0.0]

RIC Indication Received from gnbd_208_093_00019b_0 for Subscription ID: 3, KPM Report Style: 2, UE ID: 0
E2SM_KPM RIC Indication Content:
-ColletStartTime:  2026-07-17 05:25:44
-Measurements Data:
-granulPeriod: 1000
--Metric: DRB.UEThpDl, Value: [0.0]

RIC Indication Received from gnbd_208_093_00019b_0 for Subscription ID: 3, KPM Report Style: 2, UE ID: 0
E2SM_KPM RIC Indication Content:
-ColletStartTime:  2026-07-17 05:25:45
-Measurements Data:
-granulPeriod: 1000
--Metric: DRB.UEThpDl, Value: [0.0]

RIC Indication Received from gnbd_208_093_00019b_0 for Subscription ID: 3, KPM Report Style: 2, UE ID: 0
E2SM_KPM RIC Indication Content:
-ColletStartTime:  2026-07-17 05:25:46
-Measurements Data:
-granulPeriod: 1000
--Metric: DRB.UEThpDl, Value: [0.0]

RIC Indication Received from gnbd_208_093_00019b_0 for Subscription ID: 3, KPM Report Style: 2, UE ID: 0
E2SM_KPM RIC Indication Content:
-ColletStartTime:  2026-07-17 05:25:47
-Measurements Data:
-granulPeriod: 1000
--Metric: DRB.UEThpDl, Value: [0.0]

RIC Indication Received from gnbd_208_093_00019b_0 for Subscription ID: 3, KPM Report Style: 2, UE ID: 0
E2SM_KPM RIC Indication Content:
-ColletStartTime:  2026-07-17 05:25:49
-Measurements Data:
-granulPeriod: 1000
--Metric: DRB.UEThpDl, Value: [0.0]

RIC Indication Received from gnbd_208_093_00019b_0 for Subscription ID: 3, KPM Report Style: 2, UE ID: 0
E2SM_KPM RIC Indication Content:
-ColletStartTime:  2026-07-17 05:25:50
-Measurements Data:
-granulPeriod: 1000
--Metric: DRB.UEThpDl, Value: [0.0]

RIC Indication Received from gnbd_208_093_00019b_0 for Subscription ID: 3, KPM Report Style: 2, UE ID: 0
E2SM_KPM RIC Indication Content:
-ColletStartTime:  2026-07-17 05:25:51
-Measurements Data:
-granulPeriod: 1000
--Metric: DRB.UEThpDl, Value: [0.0]

RIC Indication Received from gnbd_208_093_00019b_0 for Subscription ID: 3, KPM Report Style: 2, UE ID: 0
E2SM_KPM RIC Indication Content:
-ColletStartTime:  2026-07-17 05:25:52
-Measurements Data:
-granulPeriod: 1000
--Metric: DRB.UEThpDl, Value: [0.0]

RIC Indication Received from gnbd_208_093_00019b_0 for Subscription ID: 3, KPM Report Style: 2, UE ID: 0
E2SM_KPM RIC Indication Content:
-ColletStartTime:  2026-07-17 05:25:53
-Measurements Data:
-granulPeriod: 1000
--Metric: DRB.UEThpDl, Value: [0.0]

RIC Indication Received from gnbd_208_093_00019b_0 for Subscription ID: 3, KPM Report Style: 2, UE ID: 0
E2SM_KPM RIC Indication Content:
-ColletStartTime:  2026-07-17 05:25:54
-Measurements Data:
-granulPeriod: 1000
--Metric: DRB.UEThpDl, Value: [0.0]

RIC Indication Received from gnbd_208_093_00019b_0 for Subscription ID: 3, KPM Report Style: 2, UE ID: 0
E2SM_KPM RIC Indication Content:
-ColletStartTime:  2026-07-17 05:25:56
-Measurements Data:
-granulPeriod: 1000
--Metric: DRB.UEThpDl, Value: [0.0]

RIC Indication Received from gnbd_208_093_00019b_0 for Subscription ID: 3, KPM Report Style: 2, UE ID: 0
E2SM_KPM RIC Indication Content:
-ColletStartTime:  2026-07-17 05:25:57
-Measurements Data:
-granulPeriod: 1000
--Metric: DRB.UEThpDl, Value: [0.0]

RIC Indication Received from gnbd_208_093_00019b_0 for Subscription ID: 3, KPM Report Style: 2, UE ID: 0
E2SM_KPM RIC Indication Content:
-ColletStartTime:  2026-07-17 05:25:58
-Measurements Data:
-granulPeriod: 1000
--Metric: DRB.UEThpDl, Value: [0.0]

RIC Indication Received from gnbd_208_093_00019b_0 for Subscription ID: 3, KPM Report Style: 2, UE ID: 0
E2SM_KPM RIC Indication Content:
-ColletStartTime:  2026-07-17 05:25:59
-Measurements Data:
-granulPeriod: 1000
--Metric: DRB.UEThpDl, Value: [0.0]

RIC Indication Received from gnbd_208_093_00019b_0 for Subscription ID: 3, KPM Report Style: 2, UE ID: 0
E2SM_KPM RIC Indication Content:
-ColletStartTime:  2026-07-17 05:26:00
-Measurements Data:
-granulPeriod: 1000
--Metric: DRB.UEThpDl, Value: [0.0]

RIC Indication Received from gnbd_208_093_00019b_0 for Subscription ID: 3, KPM Report Style: 2, UE ID: 0
E2SM_KPM RIC Indication Content:
-ColletStartTime:  2026-07-17 05:26:02
-Measurements Data:
-granulPeriod: 1000
--Metric: DRB.UEThpDl, Value: [0.0]

RIC Indication Received from gnbd_208_093_00019b_0 for Subscription ID: 3, KPM Report Style: 2, UE ID: 0
E2SM_KPM RIC Indication Content:
-ColletStartTime:  2026-07-17 05:26:03
-Measurements Data:
-granulPeriod: 1000
--Metric: DRB.UEThpDl, Value: [0.0]

RIC Indication Received from gnbd_208_093_00019b_0 for Subscription ID: 3, KPM Report Style: 2, UE ID: 0
E2SM_KPM RIC Indication Content:
-ColletStartTime:  2026-07-17 05:26:04
-Measurements Data:
-granulPeriod: 1000
--Metric: DRB.UEThpDl, Value: [0.0]

RIC Indication Received from gnbd_208_093_00019b_0 for Subscription ID: 3, KPM Report Style: 2, UE ID: 0
E2SM_KPM RIC Indication Content:
-ColletStartTime:  2026-07-17 05:26:05
-Measurements Data:
-granulPeriod: 1000
--Metric: DRB.UEThpDl, Value: [0.0]

RIC Indication Received from gnbd_208_093_00019b_0 for Subscription ID: 3, KPM Report Style: 2, UE ID: 0
E2SM_KPM RIC Indication Content:
-ColletStartTime:  2026-07-17 05:26:07
-Measurements Data:
-granulPeriod: 1000
--Metric: DRB.UEThpDl, Value: [0.0]

RIC Indication Received from gnbd_208_093_00019b_0 for Subscription ID: 3, KPM Report Style: 2, UE ID: 0
E2SM_KPM RIC Indication Content:
-ColletStartTime:  2026-07-17 05:26:08
-Measurements Data:
-granulPeriod: 1000
--Metric: DRB.UEThpDl, Value: [0.0]

RIC Indication Received from gnbd_208_093_00019b_0 for Subscription ID: 3, KPM Report Style: 2, UE ID: 0
E2SM_KPM RIC Indication Content:
-ColletStartTime:  2026-07-17 05:26:09
-Measurements Data:
-granulPeriod: 1000
--Metric: DRB.UEThpDl, Value: [0.0]

RIC Indication Received from gnbd_208_093_00019b_0 for Subscription ID: 3, KPM Report Style: 2, UE ID: 0
E2SM_KPM RIC Indication Content:
-ColletStartTime:  2026-07-17 05:26:10
-Measurements Data:
-granulPeriod: 1000
--Metric: DRB.UEThpDl, Value: [0.0]

RIC Indication Received from gnbd_208_093_00019b_0 for Subscription ID: 3, KPM Report Style: 2, UE ID: 0
E2SM_KPM RIC Indication Content:
-ColletStartTime:  2026-07-17 05:26:11
-Measurements Data:
-granulPeriod: 1000
--Metric: DRB.UEThpDl, Value: [0.0]

RIC Indication Received from gnbd_208_093_00019b_0 for Subscription ID: 3, KPM Report Style: 2, UE ID: 0
E2SM_KPM RIC Indication Content:
-ColletStartTime:  2026-07-17 05:26:12
-Measurements Data:
-granulPeriod: 1000
--Metric: DRB.UEThpDl, Value: [0.0]

RIC Indication Received from gnbd_208_093_00019b_0 for Subscription ID: 3, KPM Report Style: 2, UE ID: 0
E2SM_KPM RIC Indication Content:
-ColletStartTime:  2026-07-17 05:26:14
-Measurements Data:
-granulPeriod: 1000
--Metric: DRB.UEThpDl, Value: [0.0]

RIC Indication Received from gnbd_208_093_00019b_0 for Subscription ID: 3, KPM Report Style: 2, UE ID: 0
E2SM_KPM RIC Indication Content:
-ColletStartTime:  2026-07-17 05:26:15
-Measurements Data:
-granulPeriod: 1000
--Metric: DRB.UEThpDl, Value: [0.0]

RIC Indication Received from gnbd_208_093_00019b_0 for Subscription ID: 3, KPM Report Style: 2, UE ID: 0
E2SM_KPM RIC Indication Content:
-ColletStartTime:  2026-07-17 05:26:16
-Measurements Data:
-granulPeriod: 1000
--Metric: DRB.UEThpDl, Value: [0.0]

RIC Indication Received from gnbd_208_093_00019b_0 for Subscription ID: 3, KPM Report Style: 2, UE ID: 0
E2SM_KPM RIC Indication Content:
-ColletStartTime:  2026-07-17 05:26:18
-Measurements Data:
-granulPeriod: 1000
--Metric: DRB.UEThpDl, Value: [0.0]

RIC Indication Received from gnbd_208_093_00019b_0 for Subscription ID: 3, KPM Report Style: 2, UE ID: 0
E2SM_KPM RIC Indication Content:
-ColletStartTime:  2026-07-17 05:26:19
-Measurements Data:
-granulPeriod: 1000
--Metric: DRB.UEThpDl, Value: [0.0]

RIC Indication Received from gnbd_208_093_00019b_0 for Subscription ID: 3, KPM Report Style: 2, UE ID: 0
E2SM_KPM RIC Indication Content:
-ColletStartTime:  2026-07-17 05:26:20
-Measurements Data:
-granulPeriod: 1000
--Metric: DRB.UEThpDl, Value: [0.0]

RIC Indication Received from gnbd_208_093_00019b_0 for Subscription ID: 3, KPM Report Style: 2, UE ID: 0
E2SM_KPM RIC Indication Content:
-ColletStartTime:  2026-07-17 05:26:21
-Measurements Data:
-granulPeriod: 1000
--Metric: DRB.UEThpDl, Value: [0.0]

RIC Indication Received from gnbd_208_093_00019b_0 for Subscription ID: 3, KPM Report Style: 2, UE ID: 0
E2SM_KPM RIC Indication Content:
-ColletStartTime:  2026-07-17 05:26:23
-Measurements Data:
-granulPeriod: 1000
--Metric: DRB.UEThpDl, Value: [0.0]

RIC Indication Received from gnbd_208_093_00019b_0 for Subscription ID: 3, KPM Report Style: 2, UE ID: 0
E2SM_KPM RIC Indication Content:
-ColletStartTime:  2026-07-17 05:26:24
-Measurements Data:
-granulPeriod: 1000
--Metric: DRB.UEThpDl, Value: [0.0]

RIC Indication Received from gnbd_208_093_00019b_0 for Subscription ID: 3, KPM Report Style: 2, UE ID: 0
E2SM_KPM RIC Indication Content:
-ColletStartTime:  2026-07-17 05:26:25
-Measurements Data:
-granulPeriod: 1000
--Metric: DRB.UEThpDl, Value: [0.0]

RIC Indication Received from gnbd_208_093_00019b_0 for Subscription ID: 3, KPM Report Style: 2, UE ID: 0
E2SM_KPM RIC Indication Content:
-ColletStartTime:  2026-07-17 05:26:26
-Measurements Data:
-granulPeriod: 1000
--Metric: DRB.UEThpDl, Value: [1.0]

RIC Indication Received from gnbd_208_093_00019b_0 for Subscription ID: 3, KPM Report Style: 2, UE ID: 0
E2SM_KPM RIC Indication Content:
-ColletStartTime:  2026-07-17 05:26:28
-Measurements Data:
-granulPeriod: 1000
--Metric: DRB.UEThpDl, Value: [0.0]

RIC Indication Received from gnbd_208_093_00019b_0 for Subscription ID: 3, KPM Report Style: 2, UE ID: 0
E2SM_KPM RIC Indication Content:
-ColletStartTime:  2026-07-17 05:26:29
-Measurements Data:
-granulPeriod: 1000
--Metric: DRB.UEThpDl, Value: [0.0]

RIC Indication Received from gnbd_208_093_00019b_0 for Subscription ID: 3, KPM Report Style: 2, UE ID: 0
E2SM_KPM RIC Indication Content:
-ColletStartTime:  2026-07-17 05:26:30
-Measurements Data:
-granulPeriod: 1000
--Metric: DRB.UEThpDl, Value: [0.0]

RIC Indication Received from gnbd_208_093_00019b_0 for Subscription ID: 3, KPM Report Style: 2, UE ID: 0
E2SM_KPM RIC Indication Content:
-ColletStartTime:  2026-07-17 05:26:31
-Measurements Data:
-granulPeriod: 1000
--Metric: DRB.UEThpDl, Value: [1.0]

RIC Indication Received from gnbd_208_093_00019b_0 for Subscription ID: 3, KPM Report Style: 2, UE ID: 0
E2SM_KPM RIC Indication Content:
-ColletStartTime:  2026-07-17 05:26:33
-Measurements Data:
-granulPeriod: 1000
--Metric: DRB.UEThpDl, Value: [0.0]

RIC Indication Received from gnbd_208_093_00019b_0 for Subscription ID: 3, KPM Report Style: 2, UE ID: 0
E2SM_KPM RIC Indication Content:
-ColletStartTime:  2026-07-17 05:26:34
-Measurements Data:
-granulPeriod: 1000
--Metric: DRB.UEThpDl, Value: [0.0]

RIC Indication Received from gnbd_208_093_00019b_0 for Subscription ID: 3, KPM Report Style: 2, UE ID: 0
E2SM_KPM RIC Indication Content:
-ColletStartTime:  2026-07-17 05:26:35
-Measurements Data:
-granulPeriod: 1000
--Metric: DRB.UEThpDl, Value: [0.0]

RIC Indication Received from gnbd_208_093_00019b_0 for Subscription ID: 3, KPM Report Style: 2, UE ID: 0
E2SM_KPM RIC Indication Content:
-ColletStartTime:  2026-07-17 05:26:36
-Measurements Data:
-granulPeriod: 1000
--Metric: DRB.UEThpDl, Value: [0.0]

RIC Indication Received from gnbd_208_093_00019b_0 for Subscription ID: 3, KPM Report Style: 2, UE ID: 0
E2SM_KPM RIC Indication Content:
-ColletStartTime:  2026-07-17 05:26:37
-Measurements Data:
-granulPeriod: 1000
--Metric: DRB.UEThpDl, Value: [0.0]

RIC Indication Received from gnbd_208_093_00019b_0 for Subscription ID: 3, KPM Report Style: 2, UE ID: 0
E2SM_KPM RIC Indication Content:
-ColletStartTime:  2026-07-17 05:26:39
-Measurements Data:
-granulPeriod: 1000
--Metric: DRB.UEThpDl, Value: [0.0]

RIC Indication Received from gnbd_208_093_00019b_0 for Subscription ID: 3, KPM Report Style: 2, UE ID: 0
E2SM_KPM RIC Indication Content:
-ColletStartTime:  2026-07-17 05:26:40
-Measurements Data:
-granulPeriod: 1000
--Metric: DRB.UEThpDl, Value: [0.0]

RIC Indication Received from gnbd_208_093_00019b_0 for Subscription ID: 3, KPM Report Style: 2, UE ID: 0
E2SM_KPM RIC Indication Content:
-ColletStartTime:  2026-07-17 05:26:41
-Measurements Data:
-granulPeriod: 1000
--Metric: DRB.UEThpDl, Value: [0.0]

RIC Indication Received from gnbd_208_093_00019b_0 for Subscription ID: 3, KPM Report Style: 2, UE ID: 0
E2SM_KPM RIC Indication Content:
-ColletStartTime:  2026-07-17 05:26:42
-Measurements Data:
-granulPeriod: 1000
--Metric: DRB.UEThpDl, Value: [0.0]

RIC Indication Received from gnbd_208_093_00019b_0 for Subscription ID: 3, KPM Report Style: 2, UE ID: 0
E2SM_KPM RIC Indication Content:
-ColletStartTime:  2026-07-17 05:26:43
-Measurements Data:
-granulPeriod: 1000
--Metric: DRB.UEThpDl, Value: [1.0]

RIC Indication Received from gnbd_208_093_00019b_0 for Subscription ID: 3, KPM Report Style: 2, UE ID: 0
E2SM_KPM RIC Indication Content:
-ColletStartTime:  2026-07-17 05:26:45
-Measurements Data:
-granulPeriod: 1000
--Metric: DRB.UEThpDl, Value: [0.0]

RIC Indication Received from gnbd_208_093_00019b_0 for Subscription ID: 3, KPM Report Style: 2, UE ID: 0
E2SM_KPM RIC Indication Content:
-ColletStartTime:  2026-07-17 05:26:46
-Measurements Data:
-granulPeriod: 1000
--Metric: DRB.UEThpDl, Value: [0.0]

RIC Indication Received from gnbd_208_093_00019b_0 for Subscription ID: 3, KPM Report Style: 2, UE ID: 0
E2SM_KPM RIC Indication Content:
-ColletStartTime:  2026-07-17 05:26:47
-Measurements Data:
-granulPeriod: 1000
--Metric: DRB.UEThpDl, Value: [0.0]

RIC Indication Received from gnbd_208_093_00019b_0 for Subscription ID: 3, KPM Report Style: 2, UE ID: 0
E2SM_KPM RIC Indication Content:
-ColletStartTime:  2026-07-17 05:26:48
-Measurements Data:
-granulPeriod: 1000
--Metric: DRB.UEThpDl, Value: [0.0]

RIC Indication Received from gnbd_208_093_00019b_0 for Subscription ID: 3, KPM Report Style: 2, UE ID: 0
E2SM_KPM RIC Indication Content:
-ColletStartTime:  2026-07-17 05:26:49
-Measurements Data:
-granulPeriod: 1000
--Metric: DRB.UEThpDl, Value: [0.0]

RIC Indication Received from gnbd_208_093_00019b_0 for Subscription ID: 3, KPM Report Style: 2, UE ID: 0
E2SM_KPM RIC Indication Content:
-ColletStartTime:  2026-07-17 05:26:51
-Measurements Data:
-granulPeriod: 1000
--Metric: DRB.UEThpDl, Value: [0.0]

RIC Indication Received from gnbd_208_093_00019b_0 for Subscription ID: 3, KPM Report Style: 2, UE ID: 0
E2SM_KPM RIC Indication Content:
-ColletStartTime:  2026-07-17 05:26:52
-Measurements Data:
-granulPeriod: 1000
--Metric: DRB.UEThpDl, Value: [0.0]

RIC Indication Received from gnbd_208_093_00019b_0 for Subscription ID: 3, KPM Report Style: 2, UE ID: 0
E2SM_KPM RIC Indication Content:
-ColletStartTime:  2026-07-17 05:26:54
-Measurements Data:
-granulPeriod: 1000
--Metric: DRB.UEThpDl, Value: [1.0]

RIC Indication Received from gnbd_208_093_00019b_0 for Subscription ID: 3, KPM Report Style: 2, UE ID: 0
E2SM_KPM RIC Indication Content:
-ColletStartTime:  2026-07-17 05:26:55
-Measurements Data:
-granulPeriod: 1000
--Metric: DRB.UEThpDl, Value: [0.0]

RIC Indication Received from gnbd_208_093_00019b_0 for Subscription ID: 3, KPM Report Style: 2, UE ID: 0
E2SM_KPM RIC Indication Content:
-ColletStartTime:  2026-07-17 05:26:56
-Measurements Data:
-granulPeriod: 1000
--Metric: DRB.UEThpDl, Value: [0.0]

RIC Indication Received from gnbd_208_093_00019b_0 for Subscription ID: 3, KPM Report Style: 2, UE ID: 0
E2SM_KPM RIC Indication Content:
-ColletStartTime:  2026-07-17 05:26:57
-Measurements Data:
-granulPeriod: 1000
--Metric: DRB.UEThpDl, Value: [0.0]

RIC Indication Received from gnbd_208_093_00019b_0 for Subscription ID: 3, KPM Report Style: 2, UE ID: 0
E2SM_KPM RIC Indication Content:
-ColletStartTime:  2026-07-17 05:26:58
-Measurements Data:
-granulPeriod: 1000
--Metric: DRB.UEThpDl, Value: [0.0]

RIC Indication Received from gnbd_208_093_00019b_0 for Subscription ID: 3, KPM Report Style: 2, UE ID: 0
E2SM_KPM RIC Indication Content:
-ColletStartTime:  2026-07-17 05:26:59
-Measurements Data:
-granulPeriod: 1000
--Metric: DRB.UEThpDl, Value: [0.0]

RIC Indication Received from gnbd_208_093_00019b_0 for Subscription ID: 3, KPM Report Style: 2, UE ID: 0
E2SM_KPM RIC Indication Content:
-ColletStartTime:  2026-07-17 05:27:01
-Measurements Data:
-granulPeriod: 1000
--Metric: DRB.UEThpDl, Value: [0.0]

RIC Indication Received from gnbd_208_093_00019b_0 for Subscription ID: 3, KPM Report Style: 2, UE ID: 0
E2SM_KPM RIC Indication Content:
-ColletStartTime:  2026-07-17 05:27:02
-Measurements Data:
-granulPeriod: 1000
--Metric: DRB.UEThpDl, Value: [0.0]

RIC Indication Received from gnbd_208_093_00019b_0 for Subscription ID: 3, KPM Report Style: 2, UE ID: 0
E2SM_KPM RIC Indication Content:
-ColletStartTime:  2026-07-17 05:27:03
-Measurements Data:
-granulPeriod: 1000
--Metric: DRB.UEThpDl, Value: [0.0]

RIC Indication Received from gnbd_208_093_00019b_0 for Subscription ID: 3, KPM Report Style: 2, UE ID: 0
E2SM_KPM RIC Indication Content:
-ColletStartTime:  2026-07-17 05:27:04
-Measurements Data:
-granulPeriod: 1000
--Metric: DRB.UEThpDl, Value: [0.0]

RIC Indication Received from gnbd_208_093_00019b_0 for Subscription ID: 3, KPM Report Style: 2, UE ID: 0
E2SM_KPM RIC Indication Content:
-ColletStartTime:  2026-07-17 05:27:05
-Measurements Data:
-granulPeriod: 1000
--Metric: DRB.UEThpDl, Value: [0.0]

RIC Indication Received from gnbd_208_093_00019b_0 for Subscription ID: 3, KPM Report Style: 2, UE ID: 0
E2SM_KPM RIC Indication Content:
-ColletStartTime:  2026-07-17 05:27:06
-Measurements Data:
-granulPeriod: 1000
--Metric: DRB.UEThpDl, Value: [0.0]

RIC Indication Received from gnbd_208_093_00019b_0 for Subscription ID: 3, KPM Report Style: 2, UE ID: 0
E2SM_KPM RIC Indication Content:
-ColletStartTime:  2026-07-17 05:27:08
-Measurements Data:
-granulPeriod: 1000
--Metric: DRB.UEThpDl, Value: [0.0]

RIC Indication Received from gnbd_208_093_00019b_0 for Subscription ID: 3, KPM Report Style: 2, UE ID: 0
E2SM_KPM RIC Indication Content:
-ColletStartTime:  2026-07-17 05:27:09
-Measurements Data:
-granulPeriod: 1000
--Metric: DRB.UEThpDl, Value: [0.0]

RIC Indication Received from gnbd_208_093_00019b_0 for Subscription ID: 3, KPM Report Style: 2, UE ID: 0
E2SM_KPM RIC Indication Content:
-ColletStartTime:  2026-07-17 05:27:10
-Measurements Data:
-granulPeriod: 1000
--Metric: DRB.UEThpDl, Value: [0.0]

RIC Indication Received from gnbd_208_093_00019b_0 for Subscription ID: 3, KPM Report Style: 2, UE ID: 0
E2SM_KPM RIC Indication Content:
-ColletStartTime:  2026-07-17 05:27:11
-Measurements Data:
-granulPeriod: 1000
--Metric: DRB.UEThpDl, Value: [0.0]

RIC Indication Received from gnbd_208_093_00019b_0 for Subscription ID: 3, KPM Report Style: 2, UE ID: 0
E2SM_KPM RIC Indication Content:
-ColletStartTime:  2026-07-17 05:27:12
-Measurements Data:
-granulPeriod: 1000
--Metric: DRB.UEThpDl, Value: [0.0]

RIC Indication Received from gnbd_208_093_00019b_0 for Subscription ID: 3, KPM Report Style: 2, UE ID: 0
E2SM_KPM RIC Indication Content:
-ColletStartTime:  2026-07-17 05:27:13
-Measurements Data:
-granulPeriod: 1000
--Metric: DRB.UEThpDl, Value: [0.0]

RIC Indication Received from gnbd_208_093_00019b_0 for Subscription ID: 3, KPM Report Style: 2, UE ID: 0
E2SM_KPM RIC Indication Content:
-ColletStartTime:  2026-07-17 05:27:14
-Measurements Data:
-granulPeriod: 1000
--Metric: DRB.UEThpDl, Value: [1.0]

RIC Indication Received from gnbd_208_093_00019b_0 for Subscription ID: 3, KPM Report Style: 2, UE ID: 0
E2SM_KPM RIC Indication Content:
-ColletStartTime:  2026-07-17 05:27:16
-Measurements Data:
-granulPeriod: 1000
--Metric: DRB.UEThpDl, Value: [0.0]

RIC Indication Received from gnbd_208_093_00019b_0 for Subscription ID: 3, KPM Report Style: 2, UE ID: 0
E2SM_KPM RIC Indication Content:
-ColletStartTime:  2026-07-17 05:27:17
-Measurements Data:
-granulPeriod: 1000
--Metric: DRB.UEThpDl, Value: [0.0]

RIC Indication Received from gnbd_208_093_00019b_0 for Subscription ID: 3, KPM Report Style: 2, UE ID: 0
E2SM_KPM RIC Indication Content:
-ColletStartTime:  2026-07-17 05:27:18
-Measurements Data:
-granulPeriod: 1000
--Metric: DRB.UEThpDl, Value: [0.0]

RIC Indication Received from gnbd_208_093_00019b_0 for Subscription ID: 3, KPM Report Style: 2, UE ID: 0
E2SM_KPM RIC Indication Content:
-ColletStartTime:  2026-07-17 05:27:19
-Measurements Data:
-granulPeriod: 1000
--Metric: DRB.UEThpDl, Value: [0.0]

RIC Indication Received from gnbd_208_093_00019b_0 for Subscription ID: 3, KPM Report Style: 2, UE ID: 0
E2SM_KPM RIC Indication Content:
-ColletStartTime:  2026-07-17 05:27:20
-Measurements Data:
-granulPeriod: 1000
--Metric: DRB.UEThpDl, Value: [0.0]

RIC Indication Received from gnbd_208_093_00019b_0 for Subscription ID: 3, KPM Report Style: 2, UE ID: 0
E2SM_KPM RIC Indication Content:
-ColletStartTime:  2026-07-17 05:27:21
-Measurements Data:
-granulPeriod: 1000
--Metric: DRB.UEThpDl, Value: [1.0]

RIC Indication Received from gnbd_208_093_00019b_0 for Subscription ID: 3, KPM Report Style: 2, UE ID: 0
E2SM_KPM RIC Indication Content:
-ColletStartTime:  2026-07-17 05:27:23
-Measurements Data:
-granulPeriod: 1000
--Metric: DRB.UEThpDl, Value: [0.0]

RIC Indication Received from gnbd_208_093_00019b_0 for Subscription ID: 3, KPM Report Style: 2, UE ID: 0
E2SM_KPM RIC Indication Content:
-ColletStartTime:  2026-07-17 05:27:24
-Measurements Data:
-granulPeriod: 1000
--Metric: DRB.UEThpDl, Value: [0.0]

RIC Indication Received from gnbd_208_093_00019b_0 for Subscription ID: 3, KPM Report Style: 2, UE ID: 0
E2SM_KPM RIC Indication Content:
-ColletStartTime:  2026-07-17 05:27:25
-Measurements Data:
-granulPeriod: 1000
--Metric: DRB.UEThpDl, Value: [0.0]

RIC Indication Received from gnbd_208_093_00019b_0 for Subscription ID: 3, KPM Report Style: 2, UE ID: 0
E2SM_KPM RIC Indication Content:
-ColletStartTime:  2026-07-17 05:27:26
-Measurements Data:
-granulPeriod: 1000
--Metric: DRB.UEThpDl, Value: [0.0]

RIC Indication Received from gnbd_208_093_00019b_0 for Subscription ID: 3, KPM Report Style: 2, UE ID: 0
E2SM_KPM RIC Indication Content:
-ColletStartTime:  2026-07-17 05:27:27
-Measurements Data:
-granulPeriod: 1000
--Metric: DRB.UEThpDl, Value: [0.0]

RIC Indication Received from gnbd_208_093_00019b_0 for Subscription ID: 3, KPM Report Style: 2, UE ID: 0
E2SM_KPM RIC Indication Content:
-ColletStartTime:  2026-07-17 05:27:28
-Measurements Data:
-granulPeriod: 1000
--Metric: DRB.UEThpDl, Value: [0.0]

RIC Indication Received from gnbd_208_093_00019b_0 for Subscription ID: 3, KPM Report Style: 2, UE ID: 0
E2SM_KPM RIC Indication Content:
-ColletStartTime:  2026-07-17 05:27:29
-Measurements Data:
-granulPeriod: 1000
--Metric: DRB.UEThpDl, Value: [0.0]

RIC Indication Received from gnbd_208_093_00019b_0 for Subscription ID: 3, KPM Report Style: 2, UE ID: 0
E2SM_KPM RIC Indication Content:
-ColletStartTime:  2026-07-17 05:27:31
-Measurements Data:
-granulPeriod: 1000
--Metric: DRB.UEThpDl, Value: [0.0]

RIC Indication Received from gnbd_208_093_00019b_0 for Subscription ID: 3, KPM Report Style: 2, UE ID: 0
E2SM_KPM RIC Indication Content:
-ColletStartTime:  2026-07-17 05:27:32
-Measurements Data:
-granulPeriod: 1000
--Metric: DRB.UEThpDl, Value: [0.0]

RIC Indication Received from gnbd_208_093_00019b_0 for Subscription ID: 3, KPM Report Style: 2, UE ID: 0
E2SM_KPM RIC Indication Content:
-ColletStartTime:  2026-07-17 05:27:33
-Measurements Data:
-granulPeriod: 1000
--Metric: DRB.UEThpDl, Value: [0.0]

RIC Indication Received from gnbd_208_093_00019b_0 for Subscription ID: 3, KPM Report Style: 2, UE ID: 0
E2SM_KPM RIC Indication Content:
-ColletStartTime:  2026-07-17 05:27:34
-Measurements Data:
-granulPeriod: 1000
--Metric: DRB.UEThpDl, Value: [0.0]

RIC Indication Received from gnbd_208_093_00019b_0 for Subscription ID: 3, KPM Report Style: 2, UE ID: 0
E2SM_KPM RIC Indication Content:
-ColletStartTime:  2026-07-17 05:27:35
-Measurements Data:
-granulPeriod: 1000
--Metric: DRB.UEThpDl, Value: [0.0]

RIC Indication Received from gnbd_208_093_00019b_0 for Subscription ID: 3, KPM Report Style: 2, UE ID: 0
E2SM_KPM RIC Indication Content:
-ColletStartTime:  2026-07-17 05:27:36
-Measurements Data:
-granulPeriod: 1000
--Metric: DRB.UEThpDl, Value: [0.0]

RIC Indication Received from gnbd_208_093_00019b_0 for Subscription ID: 3, KPM Report Style: 2, UE ID: 0
E2SM_KPM RIC Indication Content:
-ColletStartTime:  2026-07-17 05:27:38
-Measurements Data:
-granulPeriod: 1000
--Metric: DRB.UEThpDl, Value: [0.0]

RIC Indication Received from gnbd_208_093_00019b_0 for Subscription ID: 3, KPM Report Style: 2, UE ID: 0
E2SM_KPM RIC Indication Content:
-ColletStartTime:  2026-07-17 05:27:39
-Measurements Data:
-granulPeriod: 1000
--Metric: DRB.UEThpDl, Value: [0.0]

RIC Indication Received from gnbd_208_093_00019b_0 for Subscription ID: 3, KPM Report Style: 2, UE ID: 0
E2SM_KPM RIC Indication Content:
-ColletStartTime:  2026-07-17 05:27:40
-Measurements Data:
-granulPeriod: 1000
--Metric: DRB.UEThpDl, Value: [0.0]

RIC Indication Received from gnbd_208_093_00019b_0 for Subscription ID: 3, KPM Report Style: 2, UE ID: 0
E2SM_KPM RIC Indication Content:
-ColletStartTime:  2026-07-17 05:27:41
-Measurements Data:
-granulPeriod: 1000
--Metric: DRB.UEThpDl, Value: [0.0]

RIC Indication Received from gnbd_208_093_00019b_0 for Subscription ID: 3, KPM Report Style: 2, UE ID: 0
E2SM_KPM RIC Indication Content:
-ColletStartTime:  2026-07-17 05:27:42
-Measurements Data:
-granulPeriod: 1000
--Metric: DRB.UEThpDl, Value: [0.0]

RIC Indication Received from gnbd_208_093_00019b_0 for Subscription ID: 3, KPM Report Style: 2, UE ID: 0
E2SM_KPM RIC Indication Content:
-ColletStartTime:  2026-07-17 05:27:43
-Measurements Data:
-granulPeriod: 1000
--Metric: DRB.UEThpDl, Value: [0.0]

RIC Indication Received from gnbd_208_093_00019b_0 for Subscription ID: 3, KPM Report Style: 2, UE ID: 0
E2SM_KPM RIC Indication Content:
-ColletStartTime:  2026-07-17 05:27:45
-Measurements Data:
-granulPeriod: 1000
--Metric: DRB.UEThpDl, Value: [0.0]

RIC Indication Received from gnbd_208_093_00019b_0 for Subscription ID: 3, KPM Report Style: 2, UE ID: 0
E2SM_KPM RIC Indication Content:
-ColletStartTime:  2026-07-17 05:27:46
-Measurements Data:
-granulPeriod: 1000
--Metric: DRB.UEThpDl, Value: [0.0]

RIC Indication Received from gnbd_208_093_00019b_0 for Subscription ID: 3, KPM Report Style: 2, UE ID: 0
E2SM_KPM RIC Indication Content:
-ColletStartTime:  2026-07-17 05:27:47
-Measurements Data:
-granulPeriod: 1000
--Metric: DRB.UEThpDl, Value: [5.0]

RIC Indication Received from gnbd_208_093_00019b_0 for Subscription ID: 3, KPM Report Style: 2, UE ID: 0
E2SM_KPM RIC Indication Content:
-ColletStartTime:  2026-07-17 05:27:48
-Measurements Data:
-granulPeriod: 1000
--Metric: DRB.UEThpDl, Value: [0.0]

RIC Indication Received from gnbd_208_093_00019b_0 for Subscription ID: 3, KPM Report Style: 2, UE ID: 0
E2SM_KPM RIC Indication Content:
-ColletStartTime:  2026-07-17 05:27:50
-Measurements Data:
-granulPeriod: 1000
--Metric: DRB.UEThpDl, Value: [1.0]

RIC Indication Received from gnbd_208_093_00019b_0 for Subscription ID: 3, KPM Report Style: 2, UE ID: 0
E2SM_KPM RIC Indication Content:
-ColletStartTime:  2026-07-17 05:27:51
-Measurements Data:
-granulPeriod: 1000
--Metric: DRB.UEThpDl, Value: [0.0]

RIC Indication Received from gnbd_208_093_00019b_0 for Subscription ID: 3, KPM Report Style: 2, UE ID: 0
E2SM_KPM RIC Indication Content:
-ColletStartTime:  2026-07-17 05:27:52
-Measurements Data:
-granulPeriod: 1000
--Metric: DRB.UEThpDl, Value: [0.0]

RIC Indication Received from gnbd_208_093_00019b_0 for Subscription ID: 3, KPM Report Style: 2, UE ID: 0
E2SM_KPM RIC Indication Content:
-ColletStartTime:  2026-07-17 05:27:53
-Measurements Data:
-granulPeriod: 1000
--Metric: DRB.UEThpDl, Value: [0.0]

RIC Indication Received from gnbd_208_093_00019b_0 for Subscription ID: 3, KPM Report Style: 2, UE ID: 0
E2SM_KPM RIC Indication Content:
-ColletStartTime:  2026-07-17 05:27:54
-Measurements Data:
-granulPeriod: 1000
--Metric: DRB.UEThpDl, Value: [0.0]

RIC Indication Received from gnbd_208_093_00019b_0 for Subscription ID: 3, KPM Report Style: 2, UE ID: 0
E2SM_KPM RIC Indication Content:
-ColletStartTime:  2026-07-17 05:27:55
-Measurements Data:
-granulPeriod: 1000
--Metric: DRB.UEThpDl, Value: [0.0]

RIC Indication Received from gnbd_208_093_00019b_0 for Subscription ID: 3, KPM Report Style: 2, UE ID: 0
E2SM_KPM RIC Indication Content:
-ColletStartTime:  2026-07-17 05:27:57
-Measurements Data:
-granulPeriod: 1000
--Metric: DRB.UEThpDl, Value: [0.0]

RIC Indication Received from gnbd_208_093_00019b_0 for Subscription ID: 3, KPM Report Style: 2, UE ID: 0
E2SM_KPM RIC Indication Content:
-ColletStartTime:  2026-07-17 05:27:58
-Measurements Data:
-granulPeriod: 1000
--Metric: DRB.UEThpDl, Value: [0.0]

RIC Indication Received from gnbd_208_093_00019b_0 for Subscription ID: 3, KPM Report Style: 2, UE ID: 0
E2SM_KPM RIC Indication Content:
-ColletStartTime:  2026-07-17 05:27:59
-Measurements Data:
-granulPeriod: 1000
--Metric: DRB.UEThpDl, Value: [0.0]

RIC Indication Received from gnbd_208_093_00019b_0 for Subscription ID: 3, KPM Report Style: 2, UE ID: 0
E2SM_KPM RIC Indication Content:
-ColletStartTime:  2026-07-17 05:28:01
-Measurements Data:
-granulPeriod: 1000
--Metric: DRB.UEThpDl, Value: [0.0]

RIC Indication Received from gnbd_208_093_00019b_0 for Subscription ID: 3, KPM Report Style: 2, UE ID: 0
E2SM_KPM RIC Indication Content:
-ColletStartTime:  2026-07-17 05:28:02
-Measurements Data:
-granulPeriod: 1000
--Metric: DRB.UEThpDl, Value: [0.0]

RIC Indication Received from gnbd_208_093_00019b_0 for Subscription ID: 3, KPM Report Style: 2, UE ID: 0
E2SM_KPM RIC Indication Content:
-ColletStartTime:  2026-07-17 05:28:03
-Measurements Data:
-granulPeriod: 1000
--Metric: DRB.UEThpDl, Value: [0.0]

RIC Indication Received from gnbd_208_093_00019b_0 for Subscription ID: 3, KPM Report Style: 2, UE ID: 0
E2SM_KPM RIC Indication Content:
-ColletStartTime:  2026-07-17 05:28:04
-Measurements Data:
-granulPeriod: 1000
--Metric: DRB.UEThpDl, Value: [1.0]

RIC Indication Received from gnbd_208_093_00019b_0 for Subscription ID: 3, KPM Report Style: 2, UE ID: 0
E2SM_KPM RIC Indication Content:
-ColletStartTime:  2026-07-17 05:28:06
-Measurements Data:
-granulPeriod: 1000
--Metric: DRB.UEThpDl, Value: [0.0]

RIC Indication Received from gnbd_208_093_00019b_0 for Subscription ID: 3, KPM Report Style: 2, UE ID: 0
E2SM_KPM RIC Indication Content:
-ColletStartTime:  2026-07-17 05:28:07
-Measurements Data:
-granulPeriod: 1000
--Metric: DRB.UEThpDl, Value: [0.0]

RIC Indication Received from gnbd_208_093_00019b_0 for Subscription ID: 3, KPM Report Style: 2, UE ID: 0
E2SM_KPM RIC Indication Content:
-ColletStartTime:  2026-07-17 05:28:08
-Measurements Data:
-granulPeriod: 1000
--Metric: DRB.UEThpDl, Value: [0.0]

RIC Indication Received from gnbd_208_093_00019b_0 for Subscription ID: 3, KPM Report Style: 2, UE ID: 0
E2SM_KPM RIC Indication Content:
-ColletStartTime:  2026-07-17 05:28:09
-Measurements Data:
-granulPeriod: 1000
--Metric: DRB.UEThpDl, Value: [0.0]

RIC Indication Received from gnbd_208_093_00019b_0 for Subscription ID: 3, KPM Report Style: 2, UE ID: 0
E2SM_KPM RIC Indication Content:
-ColletStartTime:  2026-07-17 05:28:11
-Measurements Data:
-granulPeriod: 1000
--Metric: DRB.UEThpDl, Value: [0.0]

RIC Indication Received from gnbd_208_093_00019b_0 for Subscription ID: 3, KPM Report Style: 2, UE ID: 0
E2SM_KPM RIC Indication Content:
-ColletStartTime:  2026-07-17 05:28:12
-Measurements Data:
-granulPeriod: 1000
--Metric: DRB.UEThpDl, Value: [0.0]

RIC Indication Received from gnbd_208_093_00019b_0 for Subscription ID: 3, KPM Report Style: 2, UE ID: 0
E2SM_KPM RIC Indication Content:
-ColletStartTime:  2026-07-17 05:28:13
-Measurements Data:
-granulPeriod: 1000
--Metric: DRB.UEThpDl, Value: [0.0]

RIC Indication Received from gnbd_208_093_00019b_0 for Subscription ID: 3, KPM Report Style: 2, UE ID: 0
E2SM_KPM RIC Indication Content:
-ColletStartTime:  2026-07-17 05:28:14
-Measurements Data:
-granulPeriod: 1000
--Metric: DRB.UEThpDl, Value: [0.0]

RIC Indication Received from gnbd_208_093_00019b_0 for Subscription ID: 3, KPM Report Style: 2, UE ID: 0
E2SM_KPM RIC Indication Content:
-ColletStartTime:  2026-07-17 05:28:15
-Measurements Data:
-granulPeriod: 1000
--Metric: DRB.UEThpDl, Value: [0.0]

RIC Indication Received from gnbd_208_093_00019b_0 for Subscription ID: 3, KPM Report Style: 2, UE ID: 0
E2SM_KPM RIC Indication Content:
-ColletStartTime:  2026-07-17 05:28:17
-Measurements Data:
-granulPeriod: 1000
--Metric: DRB.UEThpDl, Value: [1.0]

RIC Indication Received from gnbd_208_093_00019b_0 for Subscription ID: 3, KPM Report Style: 2, UE ID: 0
E2SM_KPM RIC Indication Content:
-ColletStartTime:  2026-07-17 05:28:18
-Measurements Data:
-granulPeriod: 1000
--Metric: DRB.UEThpDl, Value: [0.0]

RIC Indication Received from gnbd_208_093_00019b_0 for Subscription ID: 3, KPM Report Style: 2, UE ID: 0
E2SM_KPM RIC Indication Content:
-ColletStartTime:  2026-07-17 05:28:19
-Measurements Data:
-granulPeriod: 1000
--Metric: DRB.UEThpDl, Value: [0.0]

RIC Indication Received from gnbd_208_093_00019b_0 for Subscription ID: 3, KPM Report Style: 2, UE ID: 0
E2SM_KPM RIC Indication Content:
-ColletStartTime:  2026-07-17 05:28:20
-Measurements Data:
-granulPeriod: 1000
--Metric: DRB.UEThpDl, Value: [0.0]

RIC Indication Received from gnbd_208_093_00019b_0 for Subscription ID: 3, KPM Report Style: 2, UE ID: 0
E2SM_KPM RIC Indication Content:
-ColletStartTime:  2026-07-17 05:28:22
-Measurements Data:
-granulPeriod: 1000
--Metric: DRB.UEThpDl, Value: [1.0]

RIC Indication Received from gnbd_208_093_00019b_0 for Subscription ID: 3, KPM Report Style: 2, UE ID: 0
E2SM_KPM RIC Indication Content:
-ColletStartTime:  2026-07-17 05:28:23
-Measurements Data:
-granulPeriod: 1000
--Metric: DRB.UEThpDl, Value: [0.0]

RIC Indication Received from gnbd_208_093_00019b_0 for Subscription ID: 3, KPM Report Style: 2, UE ID: 0
E2SM_KPM RIC Indication Content:
-ColletStartTime:  2026-07-17 05:28:24
-Measurements Data:
-granulPeriod: 1000
--Metric: DRB.UEThpDl, Value: [0.0]

RIC Indication Received from gnbd_208_093_00019b_0 for Subscription ID: 3, KPM Report Style: 2, UE ID: 0
E2SM_KPM RIC Indication Content:
-ColletStartTime:  2026-07-17 05:28:25
-Measurements Data:
-granulPeriod: 1000
--Metric: DRB.UEThpDl, Value: [0.0]

RIC Indication Received from gnbd_208_093_00019b_0 for Subscription ID: 3, KPM Report Style: 2, UE ID: 0
E2SM_KPM RIC Indication Content:
-ColletStartTime:  2026-07-17 05:28:27
-Measurements Data:
-granulPeriod: 1000
--Metric: DRB.UEThpDl, Value: [1.0]

RIC Indication Received from gnbd_208_093_00019b_0 for Subscription ID: 3, KPM Report Style: 2, UE ID: 0
E2SM_KPM RIC Indication Content:
-ColletStartTime:  2026-07-17 05:28:28
-Measurements Data:
-granulPeriod: 1000
--Metric: DRB.UEThpDl, Value: [0.0]

RIC Indication Received from gnbd_208_093_00019b_0 for Subscription ID: 3, KPM Report Style: 2, UE ID: 0
E2SM_KPM RIC Indication Content:
-ColletStartTime:  2026-07-17 05:28:29
-Measurements Data:
-granulPeriod: 1000
--Metric: DRB.UEThpDl, Value: [0.0]

RIC Indication Received from gnbd_208_093_00019b_0 for Subscription ID: 3, KPM Report Style: 2, UE ID: 0
E2SM_KPM RIC Indication Content:
-ColletStartTime:  2026-07-17 05:28:31
-Measurements Data:
-granulPeriod: 1000
--Metric: DRB.UEThpDl, Value: [0.0]

RIC Indication Received from gnbd_208_093_00019b_0 for Subscription ID: 3, KPM Report Style: 2, UE ID: 0
E2SM_KPM RIC Indication Content:
-ColletStartTime:  2026-07-17 05:28:32
-Measurements Data:
-granulPeriod: 1000
--Metric: DRB.UEThpDl, Value: [0.0]

RIC Indication Received from gnbd_208_093_00019b_0 for Subscription ID: 3, KPM Report Style: 2, UE ID: 0
E2SM_KPM RIC Indication Content:
-ColletStartTime:  2026-07-17 05:28:33
-Measurements Data:
-granulPeriod: 1000
--Metric: DRB.UEThpDl, Value: [0.0]

RIC Indication Received from gnbd_208_093_00019b_0 for Subscription ID: 3, KPM Report Style: 2, UE ID: 0
E2SM_KPM RIC Indication Content:
-ColletStartTime:  2026-07-17 05:28:34
-Measurements Data:
-granulPeriod: 1000
--Metric: DRB.UEThpDl, Value: [0.0]

RIC Indication Received from gnbd_208_093_00019b_0 for Subscription ID: 3, KPM Report Style: 2, UE ID: 0
E2SM_KPM RIC Indication Content:
-ColletStartTime:  2026-07-17 05:28:36
-Measurements Data:
-granulPeriod: 1000
--Metric: DRB.UEThpDl, Value: [0.0]

RIC Indication Received from gnbd_208_093_00019b_0 for Subscription ID: 3, KPM Report Style: 2, UE ID: 0
E2SM_KPM RIC Indication Content:
-ColletStartTime:  2026-07-17 05:28:37
-Measurements Data:
-granulPeriod: 1000
--Metric: DRB.UEThpDl, Value: [0.0]

RIC Indication Received from gnbd_208_093_00019b_0 for Subscription ID: 3, KPM Report Style: 2, UE ID: 0
E2SM_KPM RIC Indication Content:
-ColletStartTime:  2026-07-17 05:28:38
-Measurements Data:
-granulPeriod: 1000
--Metric: DRB.UEThpDl, Value: [0.0]

RIC Indication Received from gnbd_208_093_00019b_0 for Subscription ID: 3, KPM Report Style: 2, UE ID: 0
E2SM_KPM RIC Indication Content:
-ColletStartTime:  2026-07-17 05:28:40
-Measurements Data:
-granulPeriod: 1000
--Metric: DRB.UEThpDl, Value: [1.0]

RIC Indication Received from gnbd_208_093_00019b_0 for Subscription ID: 3, KPM Report Style: 2, UE ID: 0
E2SM_KPM RIC Indication Content:
-ColletStartTime:  2026-07-17 05:28:41
-Measurements Data:
-granulPeriod: 1000
--Metric: DRB.UEThpDl, Value: [0.0]

RIC Indication Received from gnbd_208_093_00019b_0 for Subscription ID: 3, KPM Report Style: 2, UE ID: 0
E2SM_KPM RIC Indication Content:
-ColletStartTime:  2026-07-17 05:28:42
-Measurements Data:
-granulPeriod: 1000
--Metric: DRB.UEThpDl, Value: [0.0]

RIC Indication Received from gnbd_208_093_00019b_0 for Subscription ID: 3, KPM Report Style: 2, UE ID: 0
E2SM_KPM RIC Indication Content:
-ColletStartTime:  2026-07-17 05:28:44
-Measurements Data:
-granulPeriod: 1000
--Metric: DRB.UEThpDl, Value: [0.0]

RIC Indication Received from gnbd_208_093_00019b_0 for Subscription ID: 3, KPM Report Style: 2, UE ID: 0
E2SM_KPM RIC Indication Content:
-ColletStartTime:  2026-07-17 05:28:45
-Measurements Data:
-granulPeriod: 1000
--Metric: DRB.UEThpDl, Value: [0.0]

RIC Indication Received from gnbd_208_093_00019b_0 for Subscription ID: 3, KPM Report Style: 2, UE ID: 0
E2SM_KPM RIC Indication Content:
-ColletStartTime:  2026-07-17 05:28:46
-Measurements Data:
-granulPeriod: 1000
--Metric: DRB.UEThpDl, Value: [0.0]

RIC Indication Received from gnbd_208_093_00019b_0 for Subscription ID: 3, KPM Report Style: 2, UE ID: 0
E2SM_KPM RIC Indication Content:
-ColletStartTime:  2026-07-17 05:28:48
-Measurements Data:
-granulPeriod: 1000
--Metric: DRB.UEThpDl, Value: [1.0]

RIC Indication Received from gnbd_208_093_00019b_0 for Subscription ID: 3, KPM Report Style: 2, UE ID: 0
E2SM_KPM RIC Indication Content:
-ColletStartTime:  2026-07-17 05:28:49
-Measurements Data:
-granulPeriod: 1000
--Metric: DRB.UEThpDl, Value: [0.0]

RIC Indication Received from gnbd_208_093_00019b_0 for Subscription ID: 3, KPM Report Style: 2, UE ID: 0
E2SM_KPM RIC Indication Content:
-ColletStartTime:  2026-07-17 05:28:50
-Measurements Data:
-granulPeriod: 1000
--Metric: DRB.UEThpDl, Value: [0.0]

RIC Indication Received from gnbd_208_093_00019b_0 for Subscription ID: 3, KPM Report Style: 2, UE ID: 0
E2SM_KPM RIC Indication Content:
-ColletStartTime:  2026-07-17 05:28:52
-Measurements Data:
-granulPeriod: 1000
--Metric: DRB.UEThpDl, Value: [0.0]

RIC Indication Received from gnbd_208_093_00019b_0 for Subscription ID: 3, KPM Report Style: 2, UE ID: 0
E2SM_KPM RIC Indication Content:
-ColletStartTime:  2026-07-17 05:28:53
-Measurements Data:
-granulPeriod: 1000
--Metric: DRB.UEThpDl, Value: [0.0]

RIC Indication Received from gnbd_208_093_00019b_0 for Subscription ID: 3, KPM Report Style: 2, UE ID: 0
E2SM_KPM RIC Indication Content:
-ColletStartTime:  2026-07-17 05:28:54
-Measurements Data:
-granulPeriod: 1000
--Metric: DRB.UEThpDl, Value: [0.0]

RIC Indication Received from gnbd_208_093_00019b_0 for Subscription ID: 3, KPM Report Style: 2, UE ID: 0
E2SM_KPM RIC Indication Content:
-ColletStartTime:  2026-07-17 05:28:56
-Measurements Data:
-granulPeriod: 1000
--Metric: DRB.UEThpDl, Value: [1.0]

RIC Indication Received from gnbd_208_093_00019b_0 for Subscription ID: 3, KPM Report Style: 2, UE ID: 0
E2SM_KPM RIC Indication Content:
-ColletStartTime:  2026-07-17 05:28:57
-Measurements Data:
-granulPeriod: 1000
--Metric: DRB.UEThpDl, Value: [0.0]

RIC Indication Received from gnbd_208_093_00019b_0 for Subscription ID: 3, KPM Report Style: 2, UE ID: 0
E2SM_KPM RIC Indication Content:
-ColletStartTime:  2026-07-17 05:28:58
-Measurements Data:
-granulPeriod: 1000
--Metric: DRB.UEThpDl, Value: [0.0]

RIC Indication Received from gnbd_208_093_00019b_0 for Subscription ID: 3, KPM Report Style: 2, UE ID: 0
E2SM_KPM RIC Indication Content:
-ColletStartTime:  2026-07-17 05:28:59
-Measurements Data:
-granulPeriod: 1000
--Metric: DRB.UEThpDl, Value: [0.0]

RIC Indication Received from gnbd_208_093_00019b_0 for Subscription ID: 3, KPM Report Style: 2, UE ID: 0
E2SM_KPM RIC Indication Content:
-ColletStartTime:  2026-07-17 05:29:00
-Measurements Data:
-granulPeriod: 1000
--Metric: DRB.UEThpDl, Value: [0.0]

RIC Indication Received from gnbd_208_093_00019b_0 for Subscription ID: 3, KPM Report Style: 2, UE ID: 0
E2SM_KPM RIC Indication Content:
-ColletStartTime:  2026-07-17 05:29:02
-Measurements Data:
-granulPeriod: 1000
--Metric: DRB.UEThpDl, Value: [0.0]

RIC Indication Received from gnbd_208_093_00019b_0 for Subscription ID: 3, KPM Report Style: 2, UE ID: 0
E2SM_KPM RIC Indication Content:
-ColletStartTime:  2026-07-17 05:29:05
-Measurements Data:
-granulPeriod: 1000
--Metric: DRB.UEThpDl, Value: [59043.0]

RIC Indication Received from gnbd_208_093_00019b_0 for Subscription ID: 3, KPM Report Style: 2, UE ID: 0
E2SM_KPM RIC Indication Content:
-ColletStartTime:  2026-07-17 05:29:07
-Measurements Data:
-granulPeriod: 1000
--Metric: DRB.UEThpDl, Value: [0.0]

RIC Indication Received from gnbd_208_093_00019b_0 for Subscription ID: 3, KPM Report Style: 2, UE ID: 0
E2SM_KPM RIC Indication Content:
-ColletStartTime:  2026-07-17 05:29:10
-Measurements Data:
-granulPeriod: 1000
--Metric: DRB.UEThpDl, Value: [59043.0]

RIC Indication Received from gnbd_208_093_00019b_0 for Subscription ID: 3, KPM Report Style: 2, UE ID: 0
E2SM_KPM RIC Indication Content:
-ColletStartTime:  2026-07-17 05:29:12
-Measurements Data:
-granulPeriod: 1000
--Metric: DRB.UEThpDl, Value: [0.0]

RIC Indication Received from gnbd_208_093_00019b_0 for Subscription ID: 3, KPM Report Style: 2, UE ID: 0
E2SM_KPM RIC Indication Content:
-ColletStartTime:  2026-07-17 05:29:15
-Measurements Data:
-granulPeriod: 1000
--Metric: DRB.UEThpDl, Value: [59043.0]

RIC Indication Received from gnbd_208_093_00019b_0 for Subscription ID: 3, KPM Report Style: 2, UE ID: 0
E2SM_KPM RIC Indication Content:
-ColletStartTime:  2026-07-17 05:29:17
-Measurements Data:
-granulPeriod: 1000
--Metric: DRB.UEThpDl, Value: [0.0]

RIC Indication Received from gnbd_208_093_00019b_0 for Subscription ID: 3, KPM Report Style: 2, UE ID: 0
E2SM_KPM RIC Indication Content:
-ColletStartTime:  2026-07-17 05:29:20
-Measurements Data:
-granulPeriod: 1000
--Metric: DRB.UEThpDl, Value: [59043.0]

RIC Indication Received from gnbd_208_093_00019b_0 for Subscription ID: 3, KPM Report Style: 2, UE ID: 0
E2SM_KPM RIC Indication Content:
-ColletStartTime:  2026-07-17 05:29:22
-Measurements Data:
-granulPeriod: 1000
--Metric: DRB.UEThpDl, Value: [0.0]

RIC Indication Received from gnbd_208_093_00019b_0 for Subscription ID: 3, KPM Report Style: 2, UE ID: 0
E2SM_KPM RIC Indication Content:
-ColletStartTime:  2026-07-17 05:29:25
-Measurements Data:
-granulPeriod: 1000
--Metric: DRB.UEThpDl, Value: [59043.0]

RIC Indication Received from gnbd_208_093_00019b_0 for Subscription ID: 3, KPM Report Style: 2, UE ID: 0
E2SM_KPM RIC Indication Content:
-ColletStartTime:  2026-07-17 05:29:28
-Measurements Data:
-granulPeriod: 1000
--Metric: DRB.UEThpDl, Value: [0.0]

RIC Indication Received from gnbd_208_093_00019b_0 for Subscription ID: 3, KPM Report Style: 2, UE ID: 0
E2SM_KPM RIC Indication Content:
-ColletStartTime:  2026-07-17 05:29:31
-Measurements Data:
-granulPeriod: 1000
--Metric: DRB.UEThpDl, Value: [59043.0]

RIC Indication Received from gnbd_208_093_00019b_0 for Subscription ID: 3, KPM Report Style: 2, UE ID: 0
E2SM_KPM RIC Indication Content:
-ColletStartTime:  2026-07-17 05:29:34
-Measurements Data:
-granulPeriod: 1000
--Metric: DRB.UEThpDl, Value: [0.0]

RIC Indication Received from gnbd_208_093_00019b_0 for Subscription ID: 3, KPM Report Style: 2, UE ID: 0
E2SM_KPM RIC Indication Content:
-ColletStartTime:  2026-07-17 05:29:37
-Measurements Data:
-granulPeriod: 1000
--Metric: DRB.UEThpDl, Value: [59043.0]

RIC Indication Received from gnbd_208_093_00019b_0 for Subscription ID: 3, KPM Report Style: 2, UE ID: 0
E2SM_KPM RIC Indication Content:
-ColletStartTime:  2026-07-17 05:29:40
-Measurements Data:
-granulPeriod: 1000
--Metric: DRB.UEThpDl, Value: [0.0]

RIC Indication Received from gnbd_208_093_00019b_0 for Subscription ID: 3, KPM Report Style: 2, UE ID: 0
E2SM_KPM RIC Indication Content:
-ColletStartTime:  2026-07-17 05:29:43
-Measurements Data:
-granulPeriod: 1000
--Metric: DRB.UEThpDl, Value: [59043.0]

RIC Indication Received from gnbd_208_093_00019b_0 for Subscription ID: 3, KPM Report Style: 2, UE ID: 0
E2SM_KPM RIC Indication Content:
-ColletStartTime:  2026-07-17 05:29:46
-Measurements Data:
-granulPeriod: 1000
--Metric: DRB.UEThpDl, Value: [0.0]

RIC Indication Received from gnbd_208_093_00019b_0 for Subscription ID: 3, KPM Report Style: 2, UE ID: 0
E2SM_KPM RIC Indication Content:
-ColletStartTime:  2026-07-17 05:29:48
-Measurements Data:
-granulPeriod: 1000
--Metric: DRB.UEThpDl, Value: [59043.0]

RIC Indication Received from gnbd_208_093_00019b_0 for Subscription ID: 3, KPM Report Style: 2, UE ID: 0
E2SM_KPM RIC Indication Content:
-ColletStartTime:  2026-07-17 05:29:51
-Measurements Data:
-granulPeriod: 1000
--Metric: DRB.UEThpDl, Value: [0.0]

RIC Indication Received from gnbd_208_093_00019b_0 for Subscription ID: 3, KPM Report Style: 2, UE ID: 0
E2SM_KPM RIC Indication Content:
-ColletStartTime:  2026-07-17 05:29:53
-Measurements Data:
-granulPeriod: 1000
--Metric: DRB.UEThpDl, Value: [59043.0]

RIC Indication Received from gnbd_208_093_00019b_0 for Subscription ID: 3, KPM Report Style: 2, UE ID: 0
E2SM_KPM RIC Indication Content:
-ColletStartTime:  2026-07-17 05:29:56
-Measurements Data:
-granulPeriod: 1000
--Metric: DRB.UEThpDl, Value: [0.0]

RIC Indication Received from gnbd_208_093_00019b_0 for Subscription ID: 3, KPM Report Style: 2, UE ID: 0
E2SM_KPM RIC Indication Content:
-ColletStartTime:  2026-07-17 05:29:58
-Measurements Data:
-granulPeriod: 1000
--Metric: DRB.UEThpDl, Value: [59043.0]

RIC Indication Received from gnbd_208_093_00019b_0 for Subscription ID: 3, KPM Report Style: 2, UE ID: 0
E2SM_KPM RIC Indication Content:
-ColletStartTime:  2026-07-17 05:30:01
-Measurements Data:
-granulPeriod: 1000
--Metric: DRB.UEThpDl, Value: [0.0]

RIC Indication Received from gnbd_208_093_00019b_0 for Subscription ID: 3, KPM Report Style: 2, UE ID: 0
E2SM_KPM RIC Indication Content:
-ColletStartTime:  2026-07-17 05:30:03
-Measurements Data:
-granulPeriod: 1000
--Metric: DRB.UEThpDl, Value: [59043.0]

RIC Indication Received from gnbd_208_093_00019b_0 for Subscription ID: 3, KPM Report Style: 2, UE ID: 0
E2SM_KPM RIC Indication Content:
-ColletStartTime:  2026-07-17 05:30:06
-Measurements Data:
-granulPeriod: 1000
--Metric: DRB.UEThpDl, Value: [0.0]

RIC Indication Received from gnbd_208_093_00019b_0 for Subscription ID: 3, KPM Report Style: 2, UE ID: 0
E2SM_KPM RIC Indication Content:
-ColletStartTime:  2026-07-17 05:30:08
-Measurements Data:
-granulPeriod: 1000
--Metric: DRB.UEThpDl, Value: [59043.0]

RIC Indication Received from gnbd_208_093_00019b_0 for Subscription ID: 3, KPM Report Style: 2, UE ID: 0
E2SM_KPM RIC Indication Content:
-ColletStartTime:  2026-07-17 05:30:11
-Measurements Data:
-granulPeriod: 1000
--Metric: DRB.UEThpDl, Value: [0.0]

RIC Indication Received from gnbd_208_093_00019b_0 for Subscription ID: 3, KPM Report Style: 2, UE ID: 0
E2SM_KPM RIC Indication Content:
-ColletStartTime:  2026-07-17 05:30:13
-Measurements Data:
-granulPeriod: 1000
--Metric: DRB.UEThpDl, Value: [59043.0]

RIC Indication Received from gnbd_208_093_00019b_0 for Subscription ID: 3, KPM Report Style: 2, UE ID: 0
E2SM_KPM RIC Indication Content:
-ColletStartTime:  2026-07-17 05:30:16
-Measurements Data:
-granulPeriod: 1000
--Metric: DRB.UEThpDl, Value: [0.0]

RIC Indication Received from gnbd_208_093_00019b_0 for Subscription ID: 3, KPM Report Style: 2, UE ID: 0
E2SM_KPM RIC Indication Content:
-ColletStartTime:  2026-07-17 05:30:18
-Measurements Data:
-granulPeriod: 1000
--Metric: DRB.UEThpDl, Value: [59102.0]

RIC Indication Received from gnbd_208_093_00019b_0 for Subscription ID: 3, KPM Report Style: 2, UE ID: 0
E2SM_KPM RIC Indication Content:
-ColletStartTime:  2026-07-17 05:30:20
-Measurements Data:
-granulPeriod: 1000
--Metric: DRB.UEThpDl, Value: [0.0]

RIC Indication Received from gnbd_208_093_00019b_0 for Subscription ID: 3, KPM Report Style: 2, UE ID: 0
E2SM_KPM RIC Indication Content:
-ColletStartTime:  2026-07-17 05:30:23
-Measurements Data:
-granulPeriod: 1000
--Metric: DRB.UEThpDl, Value: [59043.0]

RIC Indication Received from gnbd_208_093_00019b_0 for Subscription ID: 3, KPM Report Style: 2, UE ID: 0
E2SM_KPM RIC Indication Content:
-ColletStartTime:  2026-07-17 05:30:25
-Measurements Data:
-granulPeriod: 1000
--Metric: DRB.UEThpDl, Value: [0.0]

RIC Indication Received from gnbd_208_093_00019b_0 for Subscription ID: 3, KPM Report Style: 2, UE ID: 0
E2SM_KPM RIC Indication Content:
-ColletStartTime:  2026-07-17 05:30:28
-Measurements Data:
-granulPeriod: 1000
--Metric: DRB.UEThpDl, Value: [59043.0]

RIC Indication Received from gnbd_208_093_00019b_0 for Subscription ID: 3, KPM Report Style: 2, UE ID: 0
E2SM_KPM RIC Indication Content:
-ColletStartTime:  2026-07-17 05:30:30
-Measurements Data:
-granulPeriod: 1000
--Metric: DRB.UEThpDl, Value: [0.0]

RIC Indication Received from gnbd_208_093_00019b_0 for Subscription ID: 3, KPM Report Style: 2, UE ID: 0
E2SM_KPM RIC Indication Content:
-ColletStartTime:  2026-07-17 05:30:33
-Measurements Data:
-granulPeriod: 1000
--Metric: DRB.UEThpDl, Value: [59043.0]

RIC Indication Received from gnbd_208_093_00019b_0 for Subscription ID: 3, KPM Report Style: 2, UE ID: 0
E2SM_KPM RIC Indication Content:
-ColletStartTime:  2026-07-17 05:30:35
-Measurements Data:
-granulPeriod: 1000
--Metric: DRB.UEThpDl, Value: [0.0]

RIC Indication Received from gnbd_208_093_00019b_0 for Subscription ID: 3, KPM Report Style: 2, UE ID: 0
E2SM_KPM RIC Indication Content:
-ColletStartTime:  2026-07-17 05:30:38
-Measurements Data:
-granulPeriod: 1000
--Metric: DRB.UEThpDl, Value: [59043.0]

RIC Indication Received from gnbd_208_093_00019b_0 for Subscription ID: 3, KPM Report Style: 2, UE ID: 0
E2SM_KPM RIC Indication Content:
-ColletStartTime:  2026-07-17 05:30:40
-Measurements Data:
-granulPeriod: 1000
--Metric: DRB.UEThpDl, Value: [0.0]

RIC Indication Received from gnbd_208_093_00019b_0 for Subscription ID: 3, KPM Report Style: 2, UE ID: 0
E2SM_KPM RIC Indication Content:
-ColletStartTime:  2026-07-17 05:30:42
-Measurements Data:
-granulPeriod: 1000
--Metric: DRB.UEThpDl, Value: [59043.0]

RIC Indication Received from gnbd_208_093_00019b_0 for Subscription ID: 3, KPM Report Style: 2, UE ID: 0
E2SM_KPM RIC Indication Content:
-ColletStartTime:  2026-07-17 05:30:45
-Measurements Data:
-granulPeriod: 1000
--Metric: DRB.UEThpDl, Value: [0.0]

RIC Indication Received from gnbd_208_093_00019b_0 for Subscription ID: 3, KPM Report Style: 2, UE ID: 0
E2SM_KPM RIC Indication Content:
-ColletStartTime:  2026-07-17 05:30:47
-Measurements Data:
-granulPeriod: 1000
--Metric: DRB.UEThpDl, Value: [59043.0]

RIC Indication Received from gnbd_208_093_00019b_0 for Subscription ID: 3, KPM Report Style: 2, UE ID: 0
E2SM_KPM RIC Indication Content:
-ColletStartTime:  2026-07-17 05:30:50
-Measurements Data:
-granulPeriod: 1000
--Metric: DRB.UEThpDl, Value: [0.0]

RIC Indication Received from gnbd_208_093_00019b_0 for Subscription ID: 3, KPM Report Style: 2, UE ID: 0
E2SM_KPM RIC Indication Content:
-ColletStartTime:  2026-07-17 05:30:52
-Measurements Data:
-granulPeriod: 1000
--Metric: DRB.UEThpDl, Value: [59043.0]

RIC Indication Received from gnbd_208_093_00019b_0 for Subscription ID: 3, KPM Report Style: 2, UE ID: 0
E2SM_KPM RIC Indication Content:
-ColletStartTime:  2026-07-17 05:30:55
-Measurements Data:
-granulPeriod: 1000
--Metric: DRB.UEThpDl, Value: [0.0]

RIC Indication Received from gnbd_208_093_00019b_0 for Subscription ID: 3, KPM Report Style: 2, UE ID: 0
E2SM_KPM RIC Indication Content:
-ColletStartTime:  2026-07-17 05:30:57
-Measurements Data:
-granulPeriod: 1000
--Metric: DRB.UEThpDl, Value: [59043.0]

RIC Indication Received from gnbd_208_093_00019b_0 for Subscription ID: 3, KPM Report Style: 2, UE ID: 0
E2SM_KPM RIC Indication Content:
-ColletStartTime:  2026-07-17 05:31:00
-Measurements Data:
-granulPeriod: 1000
--Metric: DRB.UEThpDl, Value: [0.0]

RIC Indication Received from gnbd_208_093_00019b_0 for Subscription ID: 3, KPM Report Style: 2, UE ID: 0
E2SM_KPM RIC Indication Content:
-ColletStartTime:  2026-07-17 05:31:02
-Measurements Data:
-granulPeriod: 1000
--Metric: DRB.UEThpDl, Value: [59043.0]

RIC Indication Received from gnbd_208_093_00019b_0 for Subscription ID: 3, KPM Report Style: 2, UE ID: 0
E2SM_KPM RIC Indication Content:
-ColletStartTime:  2026-07-17 05:31:04
-Measurements Data:
-granulPeriod: 1000
--Metric: DRB.UEThpDl, Value: [0.0]

RIC Indication Received from gnbd_208_093_00019b_0 for Subscription ID: 3, KPM Report Style: 2, UE ID: 0
E2SM_KPM RIC Indication Content:
-ColletStartTime:  2026-07-17 05:31:05
-Measurements Data:
-granulPeriod: 1000
--Metric: DRB.UEThpDl, Value: [1.0]

RIC Indication Received from gnbd_208_093_00019b_0 for Subscription ID: 3, KPM Report Style: 2, UE ID: 0
E2SM_KPM RIC Indication Content:
-ColletStartTime:  2026-07-17 05:31:06
-Measurements Data:
-granulPeriod: 1000
--Metric: DRB.UEThpDl, Value: [0.0]

RIC Indication Received from gnbd_208_093_00019b_0 for Subscription ID: 3, KPM Report Style: 2, UE ID: 0
E2SM_KPM RIC Indication Content:
-ColletStartTime:  2026-07-17 05:31:08
-Measurements Data:
-granulPeriod: 1000
--Metric: DRB.UEThpDl, Value: [0.0]

RIC Indication Received from gnbd_208_093_00019b_0 for Subscription ID: 3, KPM Report Style: 2, UE ID: 0
E2SM_KPM RIC Indication Content:
-ColletStartTime:  2026-07-17 05:31:09
-Measurements Data:
-granulPeriod: 1000
--Metric: DRB.UEThpDl, Value: [0.0]

RIC Indication Received from gnbd_208_093_00019b_0 for Subscription ID: 3, KPM Report Style: 2, UE ID: 0
E2SM_KPM RIC Indication Content:
-ColletStartTime:  2026-07-17 05:31:10
-Measurements Data:
-granulPeriod: 1000
--Metric: DRB.UEThpDl, Value: [1.0]

RIC Indication Received from gnbd_208_093_00019b_0 for Subscription ID: 3, KPM Report Style: 2, UE ID: 0
E2SM_KPM RIC Indication Content:
-ColletStartTime:  2026-07-17 05:31:11
-Measurements Data:
-granulPeriod: 1000
--Metric: DRB.UEThpDl, Value: [0.0]

RIC Indication Received from gnbd_208_093_00019b_0 for Subscription ID: 3, KPM Report Style: 2, UE ID: 0
E2SM_KPM RIC Indication Content:
-ColletStartTime:  2026-07-17 05:31:13
-Measurements Data:
-granulPeriod: 1000
--Metric: DRB.UEThpDl, Value: [0.0]

RIC Indication Received from gnbd_208_093_00019b_0 for Subscription ID: 3, KPM Report Style: 2, UE ID: 0
E2SM_KPM RIC Indication Content:
-ColletStartTime:  2026-07-17 05:31:14
-Measurements Data:
-granulPeriod: 1000
--Metric: DRB.UEThpDl, Value: [0.0]

RIC Indication Received from gnbd_208_093_00019b_0 for Subscription ID: 3, KPM Report Style: 2, UE ID: 0
E2SM_KPM RIC Indication Content:
-ColletStartTime:  2026-07-17 05:31:15
-Measurements Data:
-granulPeriod: 1000
--Metric: DRB.UEThpDl, Value: [1.0]

RIC Indication Received from gnbd_208_093_00019b_0 for Subscription ID: 3, KPM Report Style: 2, UE ID: 0
E2SM_KPM RIC Indication Content:
-ColletStartTime:  2026-07-17 05:31:16
-Measurements Data:
-granulPeriod: 1000
--Metric: DRB.UEThpDl, Value: [0.0]

RIC Indication Received from gnbd_208_093_00019b_0 for Subscription ID: 3, KPM Report Style: 2, UE ID: 0
E2SM_KPM RIC Indication Content:
-ColletStartTime:  2026-07-17 05:31:18
-Measurements Data:
-granulPeriod: 1000
--Metric: DRB.UEThpDl, Value: [0.0]

RIC Indication Received from gnbd_208_093_00019b_0 for Subscription ID: 3, KPM Report Style: 2, UE ID: 0
E2SM_KPM RIC Indication Content:
-ColletStartTime:  2026-07-17 05:31:19
-Measurements Data:
-granulPeriod: 1000
--Metric: DRB.UEThpDl, Value: [0.0]

RIC Indication Received from gnbd_208_093_00019b_0 for Subscription ID: 3, KPM Report Style: 2, UE ID: 0
E2SM_KPM RIC Indication Content:
-ColletStartTime:  2026-07-17 05:31:20
-Measurements Data:
-granulPeriod: 1000
--Metric: DRB.UEThpDl, Value: [1.0]

RIC Indication Received from gnbd_208_093_00019b_0 for Subscription ID: 3, KPM Report Style: 2, UE ID: 0
E2SM_KPM RIC Indication Content:
-ColletStartTime:  2026-07-17 05:31:21
-Measurements Data:
-granulPeriod: 1000
--Metric: DRB.UEThpDl, Value: [0.0]

RIC Indication Received from gnbd_208_093_00019b_0 for Subscription ID: 3, KPM Report Style: 2, UE ID: 0
E2SM_KPM RIC Indication Content:
-ColletStartTime:  2026-07-17 05:31:23
-Measurements Data:
-granulPeriod: 1000
--Metric: DRB.UEThpDl, Value: [0.0]

RIC Indication Received from gnbd_208_093_00019b_0 for Subscription ID: 3, KPM Report Style: 2, UE ID: 0
E2SM_KPM RIC Indication Content:
-ColletStartTime:  2026-07-17 05:31:24
-Measurements Data:
-granulPeriod: 1000
--Metric: DRB.UEThpDl, Value: [0.0]

RIC Indication Received from gnbd_208_093_00019b_0 for Subscription ID: 3, KPM Report Style: 2, UE ID: 0
E2SM_KPM RIC Indication Content:
-ColletStartTime:  2026-07-17 05:31:26
-Measurements Data:
-granulPeriod: 1000
--Metric: DRB.UEThpDl, Value: [0.0]

RIC Indication Received from gnbd_208_093_00019b_0 for Subscription ID: 3, KPM Report Style: 2, UE ID: 0
E2SM_KPM RIC Indication Content:
-ColletStartTime:  2026-07-17 05:31:27
-Measurements Data:
-granulPeriod: 1000
--Metric: DRB.UEThpDl, Value: [0.0]

RIC Indication Received from gnbd_208_093_00019b_0 for Subscription ID: 3, KPM Report Style: 2, UE ID: 0
E2SM_KPM RIC Indication Content:
-ColletStartTime:  2026-07-17 05:31:29
-Measurements Data:
-granulPeriod: 1000
--Metric: DRB.UEThpDl, Value: [0.0]

RIC Indication Received from gnbd_208_093_00019b_0 for Subscription ID: 3, KPM Report Style: 2, UE ID: 0
E2SM_KPM RIC Indication Content:
-ColletStartTime:  2026-07-17 05:31:30
-Measurements Data:
-granulPeriod: 1000
--Metric: DRB.UEThpDl, Value: [0.0]

RIC Indication Received from gnbd_208_093_00019b_0 for Subscription ID: 3, KPM Report Style: 2, UE ID: 0
E2SM_KPM RIC Indication Content:
-ColletStartTime:  2026-07-17 05:31:31
-Measurements Data:
-granulPeriod: 1000
--Metric: DRB.UEThpDl, Value: [1.0]

RIC Indication Received from gnbd_208_093_00019b_0 for Subscription ID: 3, KPM Report Style: 2, UE ID: 0
E2SM_KPM RIC Indication Content:
-ColletStartTime:  2026-07-17 05:31:33
-Measurements Data:
-granulPeriod: 1000
--Metric: DRB.UEThpDl, Value: [0.0]

RIC Indication Received from gnbd_208_093_00019b_0 for Subscription ID: 3, KPM Report Style: 2, UE ID: 0
E2SM_KPM RIC Indication Content:
-ColletStartTime:  2026-07-17 05:31:34
-Measurements Data:
-granulPeriod: 1000
--Metric: DRB.UEThpDl, Value: [0.0]

RIC Indication Received from gnbd_208_093_00019b_0 for Subscription ID: 3, KPM Report Style: 2, UE ID: 0
E2SM_KPM RIC Indication Content:
-ColletStartTime:  2026-07-17 05:31:35
-Measurements Data:
-granulPeriod: 1000
--Metric: DRB.UEThpDl, Value: [0.0]

RIC Indication Received from gnbd_208_093_00019b_0 for Subscription ID: 3, KPM Report Style: 2, UE ID: 0
E2SM_KPM RIC Indication Content:
-ColletStartTime:  2026-07-17 05:31:36
-Measurements Data:
-granulPeriod: 1000
--Metric: DRB.UEThpDl, Value: [0.0]

RIC Indication Received from gnbd_208_093_00019b_0 for Subscription ID: 3, KPM Report Style: 2, UE ID: 0
E2SM_KPM RIC Indication Content:
-ColletStartTime:  2026-07-17 05:31:38
-Measurements Data:
-granulPeriod: 1000
--Metric: DRB.UEThpDl, Value: [0.0]

RIC Indication Received from gnbd_208_093_00019b_0 for Subscription ID: 3, KPM Report Style: 2, UE ID: 0
E2SM_KPM RIC Indication Content:
-ColletStartTime:  2026-07-17 05:31:39
-Measurements Data:
-granulPeriod: 1000
--Metric: DRB.UEThpDl, Value: [0.0]

RIC Indication Received from gnbd_208_093_00019b_0 for Subscription ID: 3, KPM Report Style: 2, UE ID: 0
E2SM_KPM RIC Indication Content:
-ColletStartTime:  2026-07-17 05:31:40
-Measurements Data:
-granulPeriod: 1000
--Metric: DRB.UEThpDl, Value: [0.0]

RIC Indication Received from gnbd_208_093_00019b_0 for Subscription ID: 3, KPM Report Style: 2, UE ID: 0
E2SM_KPM RIC Indication Content:
-ColletStartTime:  2026-07-17 05:31:41
-Measurements Data:
-granulPeriod: 1000
--Metric: DRB.UEThpDl, Value: [0.0]

RIC Indication Received from gnbd_208_093_00019b_0 for Subscription ID: 3, KPM Report Style: 2, UE ID: 0
E2SM_KPM RIC Indication Content:
-ColletStartTime:  2026-07-17 05:31:42
-Measurements Data:
-granulPeriod: 1000
--Metric: DRB.UEThpDl, Value: [0.0]

RIC Indication Received from gnbd_208_093_00019b_0 for Subscription ID: 3, KPM Report Style: 2, UE ID: 0
E2SM_KPM RIC Indication Content:
-ColletStartTime:  2026-07-17 05:31:44
-Measurements Data:
-granulPeriod: 1000
--Metric: DRB.UEThpDl, Value: [0.0]

RIC Indication Received from gnbd_208_093_00019b_0 for Subscription ID: 3, KPM Report Style: 2, UE ID: 0
E2SM_KPM RIC Indication Content:
-ColletStartTime:  2026-07-17 05:31:45
-Measurements Data:
-granulPeriod: 1000
--Metric: DRB.UEThpDl, Value: [0.0]

RIC Indication Received from gnbd_208_093_00019b_0 for Subscription ID: 3, KPM Report Style: 2, UE ID: 0
E2SM_KPM RIC Indication Content:
-ColletStartTime:  2026-07-17 05:31:46
-Measurements Data:
-granulPeriod: 1000
--Metric: DRB.UEThpDl, Value: [1.0]

RIC Indication Received from gnbd_208_093_00019b_0 for Subscription ID: 3, KPM Report Style: 2, UE ID: 0
E2SM_KPM RIC Indication Content:
-ColletStartTime:  2026-07-17 05:31:47
-Measurements Data:
-granulPeriod: 1000
--Metric: DRB.UEThpDl, Value: [0.0]

RIC Indication Received from gnbd_208_093_00019b_0 for Subscription ID: 3, KPM Report Style: 2, UE ID: 0
E2SM_KPM RIC Indication Content:
-ColletStartTime:  2026-07-17 05:31:48
-Measurements Data:
-granulPeriod: 1000
--Metric: DRB.UEThpDl, Value: [0.0]

RIC Indication Received from gnbd_208_093_00019b_0 for Subscription ID: 3, KPM Report Style: 2, UE ID: 0
E2SM_KPM RIC Indication Content:
-ColletStartTime:  2026-07-17 05:31:50
-Measurements Data:
-granulPeriod: 1000
--Metric: DRB.UEThpDl, Value: [0.0]

RIC Indication Received from gnbd_208_093_00019b_0 for Subscription ID: 3, KPM Report Style: 2, UE ID: 0
E2SM_KPM RIC Indication Content:
-ColletStartTime:  2026-07-17 05:31:51
-Measurements Data:
-granulPeriod: 1000
--Metric: DRB.UEThpDl, Value: [0.0]

RIC Indication Received from gnbd_208_093_00019b_0 for Subscription ID: 3, KPM Report Style: 2, UE ID: 0
E2SM_KPM RIC Indication Content:
-ColletStartTime:  2026-07-17 05:31:52
-Measurements Data:
-granulPeriod: 1000
--Metric: DRB.UEThpDl, Value: [0.0]

RIC Indication Received from gnbd_208_093_00019b_0 for Subscription ID: 3, KPM Report Style: 2, UE ID: 0
E2SM_KPM RIC Indication Content:
-ColletStartTime:  2026-07-17 05:31:53
-Measurements Data:
-granulPeriod: 1000
--Metric: DRB.UEThpDl, Value: [0.0]

RIC Indication Received from gnbd_208_093_00019b_0 for Subscription ID: 3, KPM Report Style: 2, UE ID: 0
E2SM_KPM RIC Indication Content:
-ColletStartTime:  2026-07-17 05:31:54
-Measurements Data:
-granulPeriod: 1000
--Metric: DRB.UEThpDl, Value: [0.0]

RIC Indication Received from gnbd_208_093_00019b_0 for Subscription ID: 3, KPM Report Style: 2, UE ID: 0
E2SM_KPM RIC Indication Content:
-ColletStartTime:  2026-07-17 05:31:56
-Measurements Data:
-granulPeriod: 1000
--Metric: DRB.UEThpDl, Value: [0.0]

RIC Indication Received from gnbd_208_093_00019b_0 for Subscription ID: 3, KPM Report Style: 2, UE ID: 0
E2SM_KPM RIC Indication Content:
-ColletStartTime:  2026-07-17 05:31:57
-Measurements Data:
-granulPeriod: 1000
--Metric: DRB.UEThpDl, Value: [0.0]

RIC Indication Received from gnbd_208_093_00019b_0 for Subscription ID: 3, KPM Report Style: 2, UE ID: 0
E2SM_KPM RIC Indication Content:
-ColletStartTime:  2026-07-17 05:31:58
-Measurements Data:
-granulPeriod: 1000
--Metric: DRB.UEThpDl, Value: [0.0]

RIC Indication Received from gnbd_208_093_00019b_0 for Subscription ID: 3, KPM Report Style: 2, UE ID: 0
E2SM_KPM RIC Indication Content:
-ColletStartTime:  2026-07-17 05:31:59
-Measurements Data:
-granulPeriod: 1000
--Metric: DRB.UEThpDl, Value: [0.0]

RIC Indication Received from gnbd_208_093_00019b_0 for Subscription ID: 3, KPM Report Style: 2, UE ID: 0
E2SM_KPM RIC Indication Content:
-ColletStartTime:  2026-07-17 05:32:01
-Measurements Data:
-granulPeriod: 1000
--Metric: DRB.UEThpDl, Value: [0.0]

RIC Indication Received from gnbd_208_093_00019b_0 for Subscription ID: 3, KPM Report Style: 2, UE ID: 0
E2SM_KPM RIC Indication Content:
-ColletStartTime:  2026-07-17 05:32:02
-Measurements Data:
-granulPeriod: 1000
--Metric: DRB.UEThpDl, Value: [0.0]

RIC Indication Received from gnbd_208_093_00019b_0 for Subscription ID: 3, KPM Report Style: 2, UE ID: 0
E2SM_KPM RIC Indication Content:
-ColletStartTime:  2026-07-17 05:32:03
-Measurements Data:
-granulPeriod: 1000
--Metric: DRB.UEThpDl, Value: [1.0]

RIC Indication Received from gnbd_208_093_00019b_0 for Subscription ID: 3, KPM Report Style: 2, UE ID: 0
E2SM_KPM RIC Indication Content:
-ColletStartTime:  2026-07-17 05:32:04
-Measurements Data:
-granulPeriod: 1000
--Metric: DRB.UEThpDl, Value: [0.0]

RIC Indication Received from gnbd_208_093_00019b_0 for Subscription ID: 3, KPM Report Style: 2, UE ID: 0
E2SM_KPM RIC Indication Content:
-ColletStartTime:  2026-07-17 05:32:06
-Measurements Data:
-granulPeriod: 1000
--Metric: DRB.UEThpDl, Value: [0.0]

RIC Indication Received from gnbd_208_093_00019b_0 for Subscription ID: 3, KPM Report Style: 2, UE ID: 0
E2SM_KPM RIC Indication Content:
-ColletStartTime:  2026-07-17 05:32:07
-Measurements Data:
-granulPeriod: 1000
--Metric: DRB.UEThpDl, Value: [0.0]

RIC Indication Received from gnbd_208_093_00019b_0 for Subscription ID: 3, KPM Report Style: 2, UE ID: 0
E2SM_KPM RIC Indication Content:
-ColletStartTime:  2026-07-17 05:32:08
-Measurements Data:
-granulPeriod: 1000
--Metric: DRB.UEThpDl, Value: [1.0]

RIC Indication Received from gnbd_208_093_00019b_0 for Subscription ID: 3, KPM Report Style: 2, UE ID: 0
E2SM_KPM RIC Indication Content:
-ColletStartTime:  2026-07-17 05:32:09
-Measurements Data:
-granulPeriod: 1000
--Metric: DRB.UEThpDl, Value: [0.0]

RIC Indication Received from gnbd_208_093_00019b_0 for Subscription ID: 3, KPM Report Style: 2, UE ID: 0
E2SM_KPM RIC Indication Content:
-ColletStartTime:  2026-07-17 05:32:11
-Measurements Data:
-granulPeriod: 1000
--Metric: DRB.UEThpDl, Value: [0.0]

RIC Indication Received from gnbd_208_093_00019b_0 for Subscription ID: 3, KPM Report Style: 2, UE ID: 0
E2SM_KPM RIC Indication Content:
-ColletStartTime:  2026-07-17 05:32:12
-Measurements Data:
-granulPeriod: 1000
--Metric: DRB.UEThpDl, Value: [0.0]

RIC Indication Received from gnbd_208_093_00019b_0 for Subscription ID: 3, KPM Report Style: 2, UE ID: 0
E2SM_KPM RIC Indication Content:
-ColletStartTime:  2026-07-17 05:32:13
-Measurements Data:
-granulPeriod: 1000
--Metric: DRB.UEThpDl, Value: [1.0]

RIC Indication Received from gnbd_208_093_00019b_0 for Subscription ID: 3, KPM Report Style: 2, UE ID: 0
E2SM_KPM RIC Indication Content:
-ColletStartTime:  2026-07-17 05:32:14
-Measurements Data:
-granulPeriod: 1000
--Metric: DRB.UEThpDl, Value: [0.0]

RIC Indication Received from gnbd_208_093_00019b_0 for Subscription ID: 3, KPM Report Style: 2, UE ID: 0
E2SM_KPM RIC Indication Content:
-ColletStartTime:  2026-07-17 05:32:16
-Measurements Data:
-granulPeriod: 1000
--Metric: DRB.UEThpDl, Value: [0.0]

RIC Indication Received from gnbd_208_093_00019b_0 for Subscription ID: 3, KPM Report Style: 2, UE ID: 0
E2SM_KPM RIC Indication Content:
-ColletStartTime:  2026-07-17 05:32:17
-Measurements Data:
-granulPeriod: 1000
--Metric: DRB.UEThpDl, Value: [0.0]

RIC Indication Received from gnbd_208_093_00019b_0 for Subscription ID: 3, KPM Report Style: 2, UE ID: 0
E2SM_KPM RIC Indication Content:
-ColletStartTime:  2026-07-17 05:32:18
-Measurements Data:
-granulPeriod: 1000
--Metric: DRB.UEThpDl, Value: [1.0]

RIC Indication Received from gnbd_208_093_00019b_0 for Subscription ID: 3, KPM Report Style: 2, UE ID: 0
E2SM_KPM RIC Indication Content:
-ColletStartTime:  2026-07-17 05:32:19
-Measurements Data:
-granulPeriod: 1000
--Metric: DRB.UEThpDl, Value: [0.0]

RIC Indication Received from gnbd_208_093_00019b_0 for Subscription ID: 3, KPM Report Style: 2, UE ID: 0
E2SM_KPM RIC Indication Content:
-ColletStartTime:  2026-07-17 05:32:21
-Measurements Data:
-granulPeriod: 1000
--Metric: DRB.UEThpDl, Value: [0.0]

RIC Indication Received from gnbd_208_093_00019b_0 for Subscription ID: 3, KPM Report Style: 2, UE ID: 0
E2SM_KPM RIC Indication Content:
-ColletStartTime:  2026-07-17 05:32:22
-Measurements Data:
-granulPeriod: 1000
--Metric: DRB.UEThpDl, Value: [0.0]

RIC Indication Received from gnbd_208_093_00019b_0 for Subscription ID: 3, KPM Report Style: 2, UE ID: 0
E2SM_KPM RIC Indication Content:
-ColletStartTime:  2026-07-17 05:32:23
-Measurements Data:
-granulPeriod: 1000
--Metric: DRB.UEThpDl, Value: [0.0]

RIC Indication Received from gnbd_208_093_00019b_0 for Subscription ID: 3, KPM Report Style: 2, UE ID: 0
E2SM_KPM RIC Indication Content:
-ColletStartTime:  2026-07-17 05:32:24
-Measurements Data:
-granulPeriod: 1000
--Metric: DRB.UEThpDl, Value: [0.0]

RIC Indication Received from gnbd_208_093_00019b_0 for Subscription ID: 3, KPM Report Style: 2, UE ID: 0
E2SM_KPM RIC Indication Content:
-ColletStartTime:  2026-07-17 05:32:25
-Measurements Data:
-granulPeriod: 1000
--Metric: DRB.UEThpDl, Value: [0.0]

RIC Indication Received from gnbd_208_093_00019b_0 for Subscription ID: 3, KPM Report Style: 2, UE ID: 0
E2SM_KPM RIC Indication Content:
-ColletStartTime:  2026-07-17 05:32:27
-Measurements Data:
-granulPeriod: 1000
--Metric: DRB.UEThpDl, Value: [0.0]

RIC Indication Received from gnbd_208_093_00019b_0 for Subscription ID: 3, KPM Report Style: 2, UE ID: 0
E2SM_KPM RIC Indication Content:
-ColletStartTime:  2026-07-17 05:32:28
-Measurements Data:
-granulPeriod: 1000
--Metric: DRB.UEThpDl, Value: [0.0]

RIC Indication Received from gnbd_208_093_00019b_0 for Subscription ID: 3, KPM Report Style: 2, UE ID: 0
E2SM_KPM RIC Indication Content:
-ColletStartTime:  2026-07-17 05:32:29
-Measurements Data:
-granulPeriod: 1000
--Metric: DRB.UEThpDl, Value: [0.0]

RIC Indication Received from gnbd_208_093_00019b_0 for Subscription ID: 3, KPM Report Style: 2, UE ID: 0
E2SM_KPM RIC Indication Content:
-ColletStartTime:  2026-07-17 05:32:30
-Measurements Data:
-granulPeriod: 1000
--Metric: DRB.UEThpDl, Value: [0.0]

RIC Indication Received from gnbd_208_093_00019b_0 for Subscription ID: 3, KPM Report Style: 2, UE ID: 0
E2SM_KPM RIC Indication Content:
-ColletStartTime:  2026-07-17 05:32:32
-Measurements Data:
-granulPeriod: 1000
--Metric: DRB.UEThpDl, Value: [0.0]

RIC Indication Received from gnbd_208_093_00019b_0 for Subscription ID: 3, KPM Report Style: 2, UE ID: 0
E2SM_KPM RIC Indication Content:
-ColletStartTime:  2026-07-17 05:32:33
-Measurements Data:
-granulPeriod: 1000
--Metric: DRB.UEThpDl, Value: [0.0]

RIC Indication Received from gnbd_208_093_00019b_0 for Subscription ID: 3, KPM Report Style: 2, UE ID: 0
E2SM_KPM RIC Indication Content:
-ColletStartTime:  2026-07-17 05:32:34
-Measurements Data:
-granulPeriod: 1000
--Metric: DRB.UEThpDl, Value: [0.0]

RIC Indication Received from gnbd_208_093_00019b_0 for Subscription ID: 3, KPM Report Style: 2, UE ID: 0
E2SM_KPM RIC Indication Content:
-ColletStartTime:  2026-07-17 05:32:35
-Measurements Data:
-granulPeriod: 1000
--Metric: DRB.UEThpDl, Value: [0.0]

RIC Indication Received from gnbd_208_093_00019b_0 for Subscription ID: 3, KPM Report Style: 2, UE ID: 0
E2SM_KPM RIC Indication Content:
-ColletStartTime:  2026-07-17 05:32:37
-Measurements Data:
-granulPeriod: 1000
--Metric: DRB.UEThpDl, Value: [0.0]

RIC Indication Received from gnbd_208_093_00019b_0 for Subscription ID: 3, KPM Report Style: 2, UE ID: 0
E2SM_KPM RIC Indication Content:
-ColletStartTime:  2026-07-17 05:32:38
-Measurements Data:
-granulPeriod: 1000
--Metric: DRB.UEThpDl, Value: [0.0]

RIC Indication Received from gnbd_208_093_00019b_0 for Subscription ID: 3, KPM Report Style: 2, UE ID: 0
E2SM_KPM RIC Indication Content:
-ColletStartTime:  2026-07-17 05:32:39
-Measurements Data:
-granulPeriod: 1000
--Metric: DRB.UEThpDl, Value: [0.0]

RIC Indication Received from gnbd_208_093_00019b_0 for Subscription ID: 3, KPM Report Style: 2, UE ID: 0
E2SM_KPM RIC Indication Content:
-ColletStartTime:  2026-07-17 05:32:40
-Measurements Data:
-granulPeriod: 1000
--Metric: DRB.UEThpDl, Value: [0.0]

RIC Indication Received from gnbd_208_093_00019b_0 for Subscription ID: 3, KPM Report Style: 2, UE ID: 0
E2SM_KPM RIC Indication Content:
-ColletStartTime:  2026-07-17 05:32:41
-Measurements Data:
-granulPeriod: 1000
--Metric: DRB.UEThpDl, Value: [0.0]

RIC Indication Received from gnbd_208_093_00019b_0 for Subscription ID: 3, KPM Report Style: 2, UE ID: 0
E2SM_KPM RIC Indication Content:
-ColletStartTime:  2026-07-17 05:32:43
-Measurements Data:
-granulPeriod: 1000
--Metric: DRB.UEThpDl, Value: [0.0]

RIC Indication Received from gnbd_208_093_00019b_0 for Subscription ID: 3, KPM Report Style: 2, UE ID: 0
E2SM_KPM RIC Indication Content:
-ColletStartTime:  2026-07-17 05:32:44
-Measurements Data:
-granulPeriod: 1000
--Metric: DRB.UEThpDl, Value: [0.0]

RIC Indication Received from gnbd_208_093_00019b_0 for Subscription ID: 3, KPM Report Style: 2, UE ID: 0
E2SM_KPM RIC Indication Content:
-ColletStartTime:  2026-07-17 05:32:45
-Measurements Data:
-granulPeriod: 1000
--Metric: DRB.UEThpDl, Value: [0.0]

RIC Indication Received from gnbd_208_093_00019b_0 for Subscription ID: 3, KPM Report Style: 2, UE ID: 0
E2SM_KPM RIC Indication Content:
-ColletStartTime:  2026-07-17 05:32:46
-Measurements Data:
-granulPeriod: 1000
--Metric: DRB.UEThpDl, Value: [0.0]

RIC Indication Received from gnbd_208_093_00019b_0 for Subscription ID: 3, KPM Report Style: 2, UE ID: 0
E2SM_KPM RIC Indication Content:
-ColletStartTime:  2026-07-17 05:32:48
-Measurements Data:
-granulPeriod: 1000
--Metric: DRB.UEThpDl, Value: [0.0]

RIC Indication Received from gnbd_208_093_00019b_0 for Subscription ID: 3, KPM Report Style: 2, UE ID: 0
E2SM_KPM RIC Indication Content:
-ColletStartTime:  2026-07-17 05:32:49
-Measurements Data:
-granulPeriod: 1000
--Metric: DRB.UEThpDl, Value: [0.0]

RIC Indication Received from gnbd_208_093_00019b_0 for Subscription ID: 3, KPM Report Style: 2, UE ID: 0
E2SM_KPM RIC Indication Content:
-ColletStartTime:  2026-07-17 05:32:50
-Measurements Data:
-granulPeriod: 1000
--Metric: DRB.UEThpDl, Value: [0.0]

RIC Indication Received from gnbd_208_093_00019b_0 for Subscription ID: 3, KPM Report Style: 2, UE ID: 0
E2SM_KPM RIC Indication Content:
-ColletStartTime:  2026-07-17 05:32:52
-Measurements Data:
-granulPeriod: 1000
--Metric: DRB.UEThpDl, Value: [0.0]

RIC Indication Received from gnbd_208_093_00019b_0 for Subscription ID: 3, KPM Report Style: 2, UE ID: 0
E2SM_KPM RIC Indication Content:
-ColletStartTime:  2026-07-17 05:32:53
-Measurements Data:
-granulPeriod: 1000
--Metric: DRB.UEThpDl, Value: [0.0]

RIC Indication Received from gnbd_208_093_00019b_0 for Subscription ID: 3, KPM Report Style: 2, UE ID: 0
E2SM_KPM RIC Indication Content:
-ColletStartTime:  2026-07-17 05:32:54
-Measurements Data:
-granulPeriod: 1000
--Metric: DRB.UEThpDl, Value: [0.0]

RIC Indication Received from gnbd_208_093_00019b_0 for Subscription ID: 3, KPM Report Style: 2, UE ID: 0
E2SM_KPM RIC Indication Content:
-ColletStartTime:  2026-07-17 05:32:55
-Measurements Data:
-granulPeriod: 1000
--Metric: DRB.UEThpDl, Value: [0.0]

RIC Indication Received from gnbd_208_093_00019b_0 for Subscription ID: 3, KPM Report Style: 2, UE ID: 0
E2SM_KPM RIC Indication Content:
-ColletStartTime:  2026-07-17 05:32:56
-Measurements Data:
-granulPeriod: 1000
--Metric: DRB.UEThpDl, Value: [0.0]

RIC Indication Received from gnbd_208_093_00019b_0 for Subscription ID: 3, KPM Report Style: 2, UE ID: 0
E2SM_KPM RIC Indication Content:
-ColletStartTime:  2026-07-17 05:32:58
-Measurements Data:
-granulPeriod: 1000
--Metric: DRB.UEThpDl, Value: [0.0]

RIC Indication Received from gnbd_208_093_00019b_0 for Subscription ID: 3, KPM Report Style: 2, UE ID: 0
E2SM_KPM RIC Indication Content:
-ColletStartTime:  2026-07-17 05:33:00
-Measurements Data:
-granulPeriod: 1000
--Metric: DRB.UEThpDl, Value: [0.0]

RIC Indication Received from gnbd_208_093_00019b_0 for Subscription ID: 3, KPM Report Style: 2, UE ID: 0
E2SM_KPM RIC Indication Content:
-ColletStartTime:  2026-07-17 05:33:01
-Measurements Data:
-granulPeriod: 1000
--Metric: DRB.UEThpDl, Value: [0.0]

RIC Indication Received from gnbd_208_093_00019b_0 for Subscription ID: 3, KPM Report Style: 2, UE ID: 0
E2SM_KPM RIC Indication Content:
-ColletStartTime:  2026-07-17 05:33:02
-Measurements Data:
-granulPeriod: 1000
--Metric: DRB.UEThpDl, Value: [0.0]

RIC Indication Received from gnbd_208_093_00019b_0 for Subscription ID: 3, KPM Report Style: 2, UE ID: 0
E2SM_KPM RIC Indication Content:
-ColletStartTime:  2026-07-17 05:33:03
-Measurements Data:
-granulPeriod: 1000
--Metric: DRB.UEThpDl, Value: [0.0]

RIC Indication Received from gnbd_208_093_00019b_0 for Subscription ID: 3, KPM Report Style: 2, UE ID: 0
E2SM_KPM RIC Indication Content:
-ColletStartTime:  2026-07-17 05:33:05
-Measurements Data:
-granulPeriod: 1000
--Metric: DRB.UEThpDl, Value: [0.0]

RIC Indication Received from gnbd_208_093_00019b_0 for Subscription ID: 3, KPM Report Style: 2, UE ID: 0
E2SM_KPM RIC Indication Content:
-ColletStartTime:  2026-07-17 05:33:06
-Measurements Data:
-granulPeriod: 1000
--Metric: DRB.UEThpDl, Value: [0.0]

RIC Indication Received from gnbd_208_093_00019b_0 for Subscription ID: 3, KPM Report Style: 2, UE ID: 0
E2SM_KPM RIC Indication Content:
-ColletStartTime:  2026-07-17 05:33:07
-Measurements Data:
-granulPeriod: 1000
--Metric: DRB.UEThpDl, Value: [0.0]

RIC Indication Received from gnbd_208_093_00019b_0 for Subscription ID: 3, KPM Report Style: 2, UE ID: 0
E2SM_KPM RIC Indication Content:
-ColletStartTime:  2026-07-17 05:33:08
-Measurements Data:
-granulPeriod: 1000
--Metric: DRB.UEThpDl, Value: [0.0]

RIC Indication Received from gnbd_208_093_00019b_0 for Subscription ID: 3, KPM Report Style: 2, UE ID: 0
E2SM_KPM RIC Indication Content:
-ColletStartTime:  2026-07-17 05:33:09
-Measurements Data:
-granulPeriod: 1000
--Metric: DRB.UEThpDl, Value: [0.0]

RIC Indication Received from gnbd_208_093_00019b_0 for Subscription ID: 3, KPM Report Style: 2, UE ID: 0
E2SM_KPM RIC Indication Content:
-ColletStartTime:  2026-07-17 05:33:11
-Measurements Data:
-granulPeriod: 1000
--Metric: DRB.UEThpDl, Value: [0.0]

RIC Indication Received from gnbd_208_093_00019b_0 for Subscription ID: 3, KPM Report Style: 2, UE ID: 0
E2SM_KPM RIC Indication Content:
-ColletStartTime:  2026-07-17 05:33:12
-Measurements Data:
-granulPeriod: 1000
--Metric: DRB.UEThpDl, Value: [0.0]

RIC Indication Received from gnbd_208_093_00019b_0 for Subscription ID: 3, KPM Report Style: 2, UE ID: 0
E2SM_KPM RIC Indication Content:
-ColletStartTime:  2026-07-17 05:33:13
-Measurements Data:
-granulPeriod: 1000
--Metric: DRB.UEThpDl, Value: [0.0]

RIC Indication Received from gnbd_208_093_00019b_0 for Subscription ID: 3, KPM Report Style: 2, UE ID: 0
E2SM_KPM RIC Indication Content:
-ColletStartTime:  2026-07-17 05:33:14
-Measurements Data:
-granulPeriod: 1000
--Metric: DRB.UEThpDl, Value: [0.0]

RIC Indication Received from gnbd_208_093_00019b_0 for Subscription ID: 3, KPM Report Style: 2, UE ID: 0
E2SM_KPM RIC Indication Content:
-ColletStartTime:  2026-07-17 05:33:16
-Measurements Data:
-granulPeriod: 1000
--Metric: DRB.UEThpDl, Value: [0.0]

RIC Indication Received from gnbd_208_093_00019b_0 for Subscription ID: 3, KPM Report Style: 2, UE ID: 0
E2SM_KPM RIC Indication Content:
-ColletStartTime:  2026-07-17 05:33:17
-Measurements Data:
-granulPeriod: 1000
--Metric: DRB.UEThpDl, Value: [0.0]

RIC Indication Received from gnbd_208_093_00019b_0 for Subscription ID: 3, KPM Report Style: 2, UE ID: 0
E2SM_KPM RIC Indication Content:
-ColletStartTime:  2026-07-17 05:33:18
-Measurements Data:
-granulPeriod: 1000
--Metric: DRB.UEThpDl, Value: [0.0]

RIC Indication Received from gnbd_208_093_00019b_0 for Subscription ID: 3, KPM Report Style: 2, UE ID: 0
E2SM_KPM RIC Indication Content:
-ColletStartTime:  2026-07-17 05:33:20
-Measurements Data:
-granulPeriod: 1000
--Metric: DRB.UEThpDl, Value: [0.0]

RIC Indication Received from gnbd_208_093_00019b_0 for Subscription ID: 3, KPM Report Style: 2, UE ID: 0
E2SM_KPM RIC Indication Content:
-ColletStartTime:  2026-07-17 05:33:21
-Measurements Data:
-granulPeriod: 1000
--Metric: DRB.UEThpDl, Value: [0.0]

RIC Indication Received from gnbd_208_093_00019b_0 for Subscription ID: 3, KPM Report Style: 2, UE ID: 0
E2SM_KPM RIC Indication Content:
-ColletStartTime:  2026-07-17 05:33:23
-Measurements Data:
-granulPeriod: 1000
--Metric: DRB.UEThpDl, Value: [0.0]

RIC Indication Received from gnbd_208_093_00019b_0 for Subscription ID: 3, KPM Report Style: 2, UE ID: 0
E2SM_KPM RIC Indication Content:
-ColletStartTime:  2026-07-17 05:33:25
-Measurements Data:
-granulPeriod: 1000
--Metric: DRB.UEThpDl, Value: [0.0]

RIC Indication Received from gnbd_208_093_00019b_0 for Subscription ID: 3, KPM Report Style: 2, UE ID: 0
E2SM_KPM RIC Indication Content:
-ColletStartTime:  2026-07-17 05:33:26
-Measurements Data:
-granulPeriod: 1000
--Metric: DRB.UEThpDl, Value: [0.0]

RIC Indication Received from gnbd_208_093_00019b_0 for Subscription ID: 3, KPM Report Style: 2, UE ID: 0
E2SM_KPM RIC Indication Content:
-ColletStartTime:  2026-07-17 05:33:27
-Measurements Data:
-granulPeriod: 1000
--Metric: DRB.UEThpDl, Value: [0.0]

RIC Indication Received from gnbd_208_093_00019b_0 for Subscription ID: 3, KPM Report Style: 2, UE ID: 0
E2SM_KPM RIC Indication Content:
-ColletStartTime:  2026-07-17 05:33:29
-Measurements Data:
-granulPeriod: 1000
--Metric: DRB.UEThpDl, Value: [0.0]

RIC Indication Received from gnbd_208_093_00019b_0 for Subscription ID: 3, KPM Report Style: 2, UE ID: 0
E2SM_KPM RIC Indication Content:
-ColletStartTime:  2026-07-17 05:33:31
-Measurements Data:
-granulPeriod: 1000
--Metric: DRB.UEThpDl, Value: [0.0]

RIC Indication Received from gnbd_208_093_00019b_0 for Subscription ID: 3, KPM Report Style: 2, UE ID: 0
E2SM_KPM RIC Indication Content:
-ColletStartTime:  2026-07-17 05:33:32
-Measurements Data:
-granulPeriod: 1000
--Metric: DRB.UEThpDl, Value: [0.0]

RIC Indication Received from gnbd_208_093_00019b_0 for Subscription ID: 3, KPM Report Style: 2, UE ID: 0
E2SM_KPM RIC Indication Content:
-ColletStartTime:  2026-07-17 05:33:34
-Measurements Data:
-granulPeriod: 1000
--Metric: DRB.UEThpDl, Value: [0.0]

RIC Indication Received from gnbd_208_093_00019b_0 for Subscription ID: 3, KPM Report Style: 2, UE ID: 0
E2SM_KPM RIC Indication Content:
-ColletStartTime:  2026-07-17 05:33:36
-Measurements Data:
-granulPeriod: 1000
--Metric: DRB.UEThpDl, Value: [0.0]

RIC Indication Received from gnbd_208_093_00019b_0 for Subscription ID: 3, KPM Report Style: 2, UE ID: 0
E2SM_KPM RIC Indication Content:
-ColletStartTime:  2026-07-17 05:33:37
-Measurements Data:
-granulPeriod: 1000
--Metric: DRB.UEThpDl, Value: [0.0]

RIC Indication Received from gnbd_208_093_00019b_0 for Subscription ID: 3, KPM Report Style: 2, UE ID: 0
E2SM_KPM RIC Indication Content:
-ColletStartTime:  2026-07-17 05:33:39
-Measurements Data:
-granulPeriod: 1000
--Metric: DRB.UEThpDl, Value: [0.0]

RIC Indication Received from gnbd_208_093_00019b_0 for Subscription ID: 3, KPM Report Style: 2, UE ID: 0
E2SM_KPM RIC Indication Content:
-ColletStartTime:  2026-07-17 05:33:41
-Measurements Data:
-granulPeriod: 1000
--Metric: DRB.UEThpDl, Value: [0.0]

RIC Indication Received from gnbd_208_093_00019b_0 for Subscription ID: 3, KPM Report Style: 2, UE ID: 0
E2SM_KPM RIC Indication Content:
-ColletStartTime:  2026-07-17 05:33:42
-Measurements Data:
-granulPeriod: 1000
--Metric: DRB.UEThpDl, Value: [0.0]

RIC Indication Received from gnbd_208_093_00019b_0 for Subscription ID: 3, KPM Report Style: 2, UE ID: 0
E2SM_KPM RIC Indication Content:
-ColletStartTime:  2026-07-17 05:33:44
-Measurements Data:
-granulPeriod: 1000
--Metric: DRB.UEThpDl, Value: [0.0]

RIC Indication Received from gnbd_208_093_00019b_0 for Subscription ID: 3, KPM Report Style: 2, UE ID: 0
E2SM_KPM RIC Indication Content:
-ColletStartTime:  2026-07-17 05:33:45
-Measurements Data:
-granulPeriod: 1000
--Metric: DRB.UEThpDl, Value: [0.0]

RIC Indication Received from gnbd_208_093_00019b_0 for Subscription ID: 3, KPM Report Style: 2, UE ID: 0
E2SM_KPM RIC Indication Content:
-ColletStartTime:  2026-07-17 05:33:46
-Measurements Data:
-granulPeriod: 1000
--Metric: DRB.UEThpDl, Value: [0.0]

RIC Indication Received from gnbd_208_093_00019b_0 for Subscription ID: 3, KPM Report Style: 2, UE ID: 0
E2SM_KPM RIC Indication Content:
-ColletStartTime:  2026-07-17 05:33:48
-Measurements Data:
-granulPeriod: 1000
--Metric: DRB.UEThpDl, Value: [0.0]

RIC Indication Received from gnbd_208_093_00019b_0 for Subscription ID: 3, KPM Report Style: 2, UE ID: 0
E2SM_KPM RIC Indication Content:
-ColletStartTime:  2026-07-17 05:33:49
-Measurements Data:
-granulPeriod: 1000
--Metric: DRB.UEThpDl, Value: [0.0]

RIC Indication Received from gnbd_208_093_00019b_0 for Subscription ID: 3, KPM Report Style: 2, UE ID: 0
E2SM_KPM RIC Indication Content:
-ColletStartTime:  2026-07-17 05:33:51
-Measurements Data:
-granulPeriod: 1000
--Metric: DRB.UEThpDl, Value: [0.0]

RIC Indication Received from gnbd_208_093_00019b_0 for Subscription ID: 3, KPM Report Style: 2, UE ID: 0
E2SM_KPM RIC Indication Content:
-ColletStartTime:  2026-07-17 05:33:52
-Measurements Data:
-granulPeriod: 1000
--Metric: DRB.UEThpDl, Value: [0.0]

RIC Indication Received from gnbd_208_093_00019b_0 for Subscription ID: 3, KPM Report Style: 2, UE ID: 0
E2SM_KPM RIC Indication Content:
-ColletStartTime:  2026-07-17 05:33:53
-Measurements Data:
-granulPeriod: 1000
--Metric: DRB.UEThpDl, Value: [0.0]

RIC Indication Received from gnbd_208_093_00019b_0 for Subscription ID: 3, KPM Report Style: 2, UE ID: 0
E2SM_KPM RIC Indication Content:
-ColletStartTime:  2026-07-17 05:33:55
-Measurements Data:
-granulPeriod: 1000
--Metric: DRB.UEThpDl, Value: [0.0]

RIC Indication Received from gnbd_208_093_00019b_0 for Subscription ID: 3, KPM Report Style: 2, UE ID: 0
E2SM_KPM RIC Indication Content:
-ColletStartTime:  2026-07-17 05:33:56
-Measurements Data:
-granulPeriod: 1000
--Metric: DRB.UEThpDl, Value: [0.0]

RIC Indication Received from gnbd_208_093_00019b_0 for Subscription ID: 3, KPM Report Style: 2, UE ID: 0
E2SM_KPM RIC Indication Content:
-ColletStartTime:  2026-07-17 05:33:57
-Measurements Data:
-granulPeriod: 1000
--Metric: DRB.UEThpDl, Value: [0.0]

RIC Indication Received from gnbd_208_093_00019b_0 for Subscription ID: 3, KPM Report Style: 2, UE ID: 0
E2SM_KPM RIC Indication Content:
-ColletStartTime:  2026-07-17 05:33:58
-Measurements Data:
-granulPeriod: 1000
--Metric: DRB.UEThpDl, Value: [0.0]

RIC Indication Received from gnbd_208_093_00019b_0 for Subscription ID: 3, KPM Report Style: 2, UE ID: 0
E2SM_KPM RIC Indication Content:
-ColletStartTime:  2026-07-17 05:34:00
-Measurements Data:
-granulPeriod: 1000
--Metric: DRB.UEThpDl, Value: [0.0]

RIC Indication Received from gnbd_208_093_00019b_0 for Subscription ID: 3, KPM Report Style: 2, UE ID: 0
E2SM_KPM RIC Indication Content:
-ColletStartTime:  2026-07-17 05:34:01
-Measurements Data:
-granulPeriod: 1000
--Metric: DRB.UEThpDl, Value: [0.0]

RIC Indication Received from gnbd_208_093_00019b_0 for Subscription ID: 3, KPM Report Style: 2, UE ID: 0
E2SM_KPM RIC Indication Content:
-ColletStartTime:  2026-07-17 05:34:03
-Measurements Data:
-granulPeriod: 1000
--Metric: DRB.UEThpDl, Value: [0.0]

RIC Indication Received from gnbd_208_093_00019b_0 for Subscription ID: 3, KPM Report Style: 2, UE ID: 0
E2SM_KPM RIC Indication Content:
-ColletStartTime:  2026-07-17 05:34:04
-Measurements Data:
-granulPeriod: 1000
--Metric: DRB.UEThpDl, Value: [0.0]

RIC Indication Received from gnbd_208_093_00019b_0 for Subscription ID: 3, KPM Report Style: 2, UE ID: 0
E2SM_KPM RIC Indication Content:
-ColletStartTime:  2026-07-17 05:34:05
-Measurements Data:
-granulPeriod: 1000
--Metric: DRB.UEThpDl, Value: [0.0]

RIC Indication Received from gnbd_208_093_00019b_0 for Subscription ID: 3, KPM Report Style: 2, UE ID: 0
E2SM_KPM RIC Indication Content:
-ColletStartTime:  2026-07-17 05:34:06
-Measurements Data:
-granulPeriod: 1000
--Metric: DRB.UEThpDl, Value: [0.0]

RIC Indication Received from gnbd_208_093_00019b_0 for Subscription ID: 3, KPM Report Style: 2, UE ID: 0
E2SM_KPM RIC Indication Content:
-ColletStartTime:  2026-07-17 05:34:08
-Measurements Data:
-granulPeriod: 1000
--Metric: DRB.UEThpDl, Value: [0.0]

RIC Indication Received from gnbd_208_093_00019b_0 for Subscription ID: 3, KPM Report Style: 2, UE ID: 0
E2SM_KPM RIC Indication Content:
-ColletStartTime:  2026-07-17 05:34:09
-Measurements Data:
-granulPeriod: 1000
--Metric: DRB.UEThpDl, Value: [0.0]

RIC Indication Received from gnbd_208_093_00019b_0 for Subscription ID: 3, KPM Report Style: 2, UE ID: 0
E2SM_KPM RIC Indication Content:
-ColletStartTime:  2026-07-17 05:34:10
-Measurements Data:
-granulPeriod: 1000
--Metric: DRB.UEThpDl, Value: [0.0]

RIC Indication Received from gnbd_208_093_00019b_0 for Subscription ID: 3, KPM Report Style: 2, UE ID: 0
E2SM_KPM RIC Indication Content:
-ColletStartTime:  2026-07-17 05:34:12
-Measurements Data:
-granulPeriod: 1000
--Metric: DRB.UEThpDl, Value: [0.0]

RIC Indication Received from gnbd_208_093_00019b_0 for Subscription ID: 3, KPM Report Style: 2, UE ID: 0
E2SM_KPM RIC Indication Content:
-ColletStartTime:  2026-07-17 05:34:13
-Measurements Data:
-granulPeriod: 1000
--Metric: DRB.UEThpDl, Value: [0.0]

RIC Indication Received from gnbd_208_093_00019b_0 for Subscription ID: 3, KPM Report Style: 2, UE ID: 0
E2SM_KPM RIC Indication Content:
-ColletStartTime:  2026-07-17 05:34:15
-Measurements Data:
-granulPeriod: 1000
--Metric: DRB.UEThpDl, Value: [0.0]

RIC Indication Received from gnbd_208_093_00019b_0 for Subscription ID: 3, KPM Report Style: 2, UE ID: 0
E2SM_KPM RIC Indication Content:
-ColletStartTime:  2026-07-17 05:34:16
-Measurements Data:
-granulPeriod: 1000
--Metric: DRB.UEThpDl, Value: [0.0]

RIC Indication Received from gnbd_208_093_00019b_0 for Subscription ID: 3, KPM Report Style: 2, UE ID: 0
E2SM_KPM RIC Indication Content:
-ColletStartTime:  2026-07-17 05:34:17
-Measurements Data:
-granulPeriod: 1000
--Metric: DRB.UEThpDl, Value: [0.0]

RIC Indication Received from gnbd_208_093_00019b_0 for Subscription ID: 3, KPM Report Style: 2, UE ID: 0
E2SM_KPM RIC Indication Content:
-ColletStartTime:  2026-07-17 05:34:18
-Measurements Data:
-granulPeriod: 1000
--Metric: DRB.UEThpDl, Value: [0.0]

RIC Indication Received from gnbd_208_093_00019b_0 for Subscription ID: 3, KPM Report Style: 2, UE ID: 0
E2SM_KPM RIC Indication Content:
-ColletStartTime:  2026-07-17 05:34:20
-Measurements Data:
-granulPeriod: 1000
--Metric: DRB.UEThpDl, Value: [0.0]

RIC Indication Received from gnbd_208_093_00019b_0 for Subscription ID: 3, KPM Report Style: 2, UE ID: 0
E2SM_KPM RIC Indication Content:
-ColletStartTime:  2026-07-17 05:34:21
-Measurements Data:
-granulPeriod: 1000
--Metric: DRB.UEThpDl, Value: [0.0]

RIC Indication Received from gnbd_208_093_00019b_0 for Subscription ID: 3, KPM Report Style: 2, UE ID: 0
E2SM_KPM RIC Indication Content:
-ColletStartTime:  2026-07-17 05:34:22
-Measurements Data:
-granulPeriod: 1000
--Metric: DRB.UEThpDl, Value: [0.0]

RIC Indication Received from gnbd_208_093_00019b_0 for Subscription ID: 3, KPM Report Style: 2, UE ID: 0
E2SM_KPM RIC Indication Content:
-ColletStartTime:  2026-07-17 05:34:24
-Measurements Data:
-granulPeriod: 1000
--Metric: DRB.UEThpDl, Value: [0.0]

RIC Indication Received from gnbd_208_093_00019b_0 for Subscription ID: 3, KPM Report Style: 2, UE ID: 0
E2SM_KPM RIC Indication Content:
-ColletStartTime:  2026-07-17 05:34:25
-Measurements Data:
-granulPeriod: 1000
--Metric: DRB.UEThpDl, Value: [0.0]

RIC Indication Received from gnbd_208_093_00019b_0 for Subscription ID: 3, KPM Report Style: 2, UE ID: 0
E2SM_KPM RIC Indication Content:
-ColletStartTime:  2026-07-17 05:34:26
-Measurements Data:
-granulPeriod: 1000
--Metric: DRB.UEThpDl, Value: [0.0]

RIC Indication Received from gnbd_208_093_00019b_0 for Subscription ID: 3, KPM Report Style: 2, UE ID: 0
E2SM_KPM RIC Indication Content:
-ColletStartTime:  2026-07-17 05:34:28
-Measurements Data:
-granulPeriod: 1000
--Metric: DRB.UEThpDl, Value: [0.0]

RIC Indication Received from gnbd_208_093_00019b_0 for Subscription ID: 3, KPM Report Style: 2, UE ID: 0
E2SM_KPM RIC Indication Content:
-ColletStartTime:  2026-07-17 05:34:29
-Measurements Data:
-granulPeriod: 1000
--Metric: DRB.UEThpDl, Value: [0.0]

RIC Indication Received from gnbd_208_093_00019b_0 for Subscription ID: 3, KPM Report Style: 2, UE ID: 0
E2SM_KPM RIC Indication Content:
-ColletStartTime:  2026-07-17 05:34:31
-Measurements Data:
-granulPeriod: 1000
--Metric: DRB.UEThpDl, Value: [0.0]

RIC Indication Received from gnbd_208_093_00019b_0 for Subscription ID: 3, KPM Report Style: 2, UE ID: 0
E2SM_KPM RIC Indication Content:
-ColletStartTime:  2026-07-17 05:34:32
-Measurements Data:
-granulPeriod: 1000
--Metric: DRB.UEThpDl, Value: [0.0]

RIC Indication Received from gnbd_208_093_00019b_0 for Subscription ID: 3, KPM Report Style: 2, UE ID: 0
E2SM_KPM RIC Indication Content:
-ColletStartTime:  2026-07-17 05:34:34
-Measurements Data:
-granulPeriod: 1000
--Metric: DRB.UEThpDl, Value: [0.0]

RIC Indication Received from gnbd_208_093_00019b_0 for Subscription ID: 3, KPM Report Style: 2, UE ID: 0
E2SM_KPM RIC Indication Content:
-ColletStartTime:  2026-07-17 05:34:35
-Measurements Data:
-granulPeriod: 1000
--Metric: DRB.UEThpDl, Value: [0.0]

RIC Indication Received from gnbd_208_093_00019b_0 for Subscription ID: 3, KPM Report Style: 2, UE ID: 0
E2SM_KPM RIC Indication Content:
-ColletStartTime:  2026-07-17 05:34:37
-Measurements Data:
-granulPeriod: 1000
--Metric: DRB.UEThpDl, Value: [0.0]

RIC Indication Received from gnbd_208_093_00019b_0 for Subscription ID: 3, KPM Report Style: 2, UE ID: 0
E2SM_KPM RIC Indication Content:
-ColletStartTime:  2026-07-17 05:34:39
-Measurements Data:
-granulPeriod: 1000
--Metric: DRB.UEThpDl, Value: [0.0]

RIC Indication Received from gnbd_208_093_00019b_0 for Subscription ID: 3, KPM Report Style: 2, UE ID: 0
E2SM_KPM RIC Indication Content:
-ColletStartTime:  2026-07-17 05:34:41
-Measurements Data:
-granulPeriod: 1000
--Metric: DRB.UEThpDl, Value: [0.0]

RIC Indication Received from gnbd_208_093_00019b_0 for Subscription ID: 3, KPM Report Style: 2, UE ID: 0
E2SM_KPM RIC Indication Content:
-ColletStartTime:  2026-07-17 05:34:42
-Measurements Data:
-granulPeriod: 1000
--Metric: DRB.UEThpDl, Value: [0.0]

RIC Indication Received from gnbd_208_093_00019b_0 for Subscription ID: 3, KPM Report Style: 2, UE ID: 0
E2SM_KPM RIC Indication Content:
-ColletStartTime:  2026-07-17 05:34:44
-Measurements Data:
-granulPeriod: 1000
--Metric: DRB.UEThpDl, Value: [0.0]

RIC Indication Received from gnbd_208_093_00019b_0 for Subscription ID: 3, KPM Report Style: 2, UE ID: 0
E2SM_KPM RIC Indication Content:
-ColletStartTime:  2026-07-17 05:34:45
-Measurements Data:
-granulPeriod: 1000
--Metric: DRB.UEThpDl, Value: [0.0]

RIC Indication Received from gnbd_208_093_00019b_0 for Subscription ID: 3, KPM Report Style: 2, UE ID: 0
E2SM_KPM RIC Indication Content:
-ColletStartTime:  2026-07-17 05:34:47
-Measurements Data:
-granulPeriod: 1000
--Metric: DRB.UEThpDl, Value: [0.0]

RIC Indication Received from gnbd_208_093_00019b_0 for Subscription ID: 3, KPM Report Style: 2, UE ID: 0
E2SM_KPM RIC Indication Content:
-ColletStartTime:  2026-07-17 05:34:48
-Measurements Data:
-granulPeriod: 1000
--Metric: DRB.UEThpDl, Value: [0.0]

RIC Indication Received from gnbd_208_093_00019b_0 for Subscription ID: 3, KPM Report Style: 2, UE ID: 0
E2SM_KPM RIC Indication Content:
-ColletStartTime:  2026-07-17 05:34:50
-Measurements Data:
-granulPeriod: 1000
--Metric: DRB.UEThpDl, Value: [0.0]

RIC Indication Received from gnbd_208_093_00019b_0 for Subscription ID: 3, KPM Report Style: 2, UE ID: 0
E2SM_KPM RIC Indication Content:
-ColletStartTime:  2026-07-17 05:34:51
-Measurements Data:
-granulPeriod: 1000
--Metric: DRB.UEThpDl, Value: [0.0]

RIC Indication Received from gnbd_208_093_00019b_0 for Subscription ID: 3, KPM Report Style: 2, UE ID: 0
E2SM_KPM RIC Indication Content:
-ColletStartTime:  2026-07-17 05:34:52
-Measurements Data:
-granulPeriod: 1000
--Metric: DRB.UEThpDl, Value: [0.0]

RIC Indication Received from gnbd_208_093_00019b_0 for Subscription ID: 3, KPM Report Style: 2, UE ID: 0
E2SM_KPM RIC Indication Content:
-ColletStartTime:  2026-07-17 05:34:54
-Measurements Data:
-granulPeriod: 1000
--Metric: DRB.UEThpDl, Value: [0.0]

RIC Indication Received from gnbd_208_093_00019b_0 for Subscription ID: 3, KPM Report Style: 2, UE ID: 0
E2SM_KPM RIC Indication Content:
-ColletStartTime:  2026-07-17 05:34:55
-Measurements Data:
-granulPeriod: 1000
--Metric: DRB.UEThpDl, Value: [0.0]

RIC Indication Received from gnbd_208_093_00019b_0 for Subscription ID: 3, KPM Report Style: 2, UE ID: 0
E2SM_KPM RIC Indication Content:
-ColletStartTime:  2026-07-17 05:34:56
-Measurements Data:
-granulPeriod: 1000
--Metric: DRB.UEThpDl, Value: [0.0]

RIC Indication Received from gnbd_208_093_00019b_0 for Subscription ID: 3, KPM Report Style: 2, UE ID: 0
E2SM_KPM RIC Indication Content:
-ColletStartTime:  2026-07-17 05:34:57
-Measurements Data:
-granulPeriod: 1000
--Metric: DRB.UEThpDl, Value: [0.0]

RIC Indication Received from gnbd_208_093_00019b_0 for Subscription ID: 3, KPM Report Style: 2, UE ID: 0
E2SM_KPM RIC Indication Content:
-ColletStartTime:  2026-07-17 05:34:59
-Measurements Data:
-granulPeriod: 1000
--Metric: DRB.UEThpDl, Value: [0.0]

RIC Indication Received from gnbd_208_093_00019b_0 for Subscription ID: 3, KPM Report Style: 2, UE ID: 0
E2SM_KPM RIC Indication Content:
-ColletStartTime:  2026-07-17 05:35:00
-Measurements Data:
-granulPeriod: 1000
--Metric: DRB.UEThpDl, Value: [0.0]

RIC Indication Received from gnbd_208_093_00019b_0 for Subscription ID: 3, KPM Report Style: 2, UE ID: 0
E2SM_KPM RIC Indication Content:
-ColletStartTime:  2026-07-17 05:35:01
-Measurements Data:
-granulPeriod: 1000
--Metric: DRB.UEThpDl, Value: [0.0]

RIC Indication Received from gnbd_208_093_00019b_0 for Subscription ID: 3, KPM Report Style: 2, UE ID: 0
E2SM_KPM RIC Indication Content:
-ColletStartTime:  2026-07-17 05:35:03
-Measurements Data:
-granulPeriod: 1000
--Metric: DRB.UEThpDl, Value: [0.0]

RIC Indication Received from gnbd_208_093_00019b_0 for Subscription ID: 3, KPM Report Style: 2, UE ID: 0
E2SM_KPM RIC Indication Content:
-ColletStartTime:  2026-07-17 05:35:04
-Measurements Data:
-granulPeriod: 1000
--Metric: DRB.UEThpDl, Value: [0.0]

RIC Indication Received from gnbd_208_093_00019b_0 for Subscription ID: 3, KPM Report Style: 2, UE ID: 0
E2SM_KPM RIC Indication Content:
-ColletStartTime:  2026-07-17 05:35:05
-Measurements Data:
-granulPeriod: 1000
--Metric: DRB.UEThpDl, Value: [0.0]

RIC Indication Received from gnbd_208_093_00019b_0 for Subscription ID: 3, KPM Report Style: 2, UE ID: 0
E2SM_KPM RIC Indication Content:
-ColletStartTime:  2026-07-17 05:35:06
-Measurements Data:
-granulPeriod: 1000
--Metric: DRB.UEThpDl, Value: [0.0]

RIC Indication Received from gnbd_208_093_00019b_0 for Subscription ID: 3, KPM Report Style: 2, UE ID: 0
E2SM_KPM RIC Indication Content:
-ColletStartTime:  2026-07-17 05:35:07
-Measurements Data:
-granulPeriod: 1000
--Metric: DRB.UEThpDl, Value: [0.0]

RIC Indication Received from gnbd_208_093_00019b_0 for Subscription ID: 3, KPM Report Style: 2, UE ID: 0
E2SM_KPM RIC Indication Content:
-ColletStartTime:  2026-07-17 05:35:09
-Measurements Data:
-granulPeriod: 1000
--Metric: DRB.UEThpDl, Value: [0.0]

RIC Indication Received from gnbd_208_093_00019b_0 for Subscription ID: 3, KPM Report Style: 2, UE ID: 0
E2SM_KPM RIC Indication Content:
-ColletStartTime:  2026-07-17 05:35:10
-Measurements Data:
-granulPeriod: 1000
--Metric: DRB.UEThpDl, Value: [0.0]

RIC Indication Received from gnbd_208_093_00019b_0 for Subscription ID: 3, KPM Report Style: 2, UE ID: 0
E2SM_KPM RIC Indication Content:
-ColletStartTime:  2026-07-17 05:35:11
-Measurements Data:
-granulPeriod: 1000
--Metric: DRB.UEThpDl, Value: [0.0]

RIC Indication Received from gnbd_208_093_00019b_0 for Subscription ID: 3, KPM Report Style: 2, UE ID: 0
E2SM_KPM RIC Indication Content:
-ColletStartTime:  2026-07-17 05:35:12
-Measurements Data:
-granulPeriod: 1000
--Metric: DRB.UEThpDl, Value: [0.0]

RIC Indication Received from gnbd_208_093_00019b_0 for Subscription ID: 3, KPM Report Style: 2, UE ID: 0
E2SM_KPM RIC Indication Content:
-ColletStartTime:  2026-07-17 05:35:13
-Measurements Data:
-granulPeriod: 1000
--Metric: DRB.UEThpDl, Value: [0.0]

RIC Indication Received from gnbd_208_093_00019b_0 for Subscription ID: 3, KPM Report Style: 2, UE ID: 0
E2SM_KPM RIC Indication Content:
-ColletStartTime:  2026-07-17 05:35:14
-Measurements Data:
-granulPeriod: 1000
--Metric: DRB.UEThpDl, Value: [0.0]

RIC Indication Received from gnbd_208_093_00019b_0 for Subscription ID: 3, KPM Report Style: 2, UE ID: 0
E2SM_KPM RIC Indication Content:
-ColletStartTime:  2026-07-17 05:35:16
-Measurements Data:
-granulPeriod: 1000
--Metric: DRB.UEThpDl, Value: [0.0]

RIC Indication Received from gnbd_208_093_00019b_0 for Subscription ID: 3, KPM Report Style: 2, UE ID: 0
E2SM_KPM RIC Indication Content:
-ColletStartTime:  2026-07-17 05:35:17
-Measurements Data:
-granulPeriod: 1000
--Metric: DRB.UEThpDl, Value: [0.0]

RIC Indication Received from gnbd_208_093_00019b_0 for Subscription ID: 3, KPM Report Style: 2, UE ID: 0
E2SM_KPM RIC Indication Content:
-ColletStartTime:  2026-07-17 05:35:18
-Measurements Data:
-granulPeriod: 1000
--Metric: DRB.UEThpDl, Value: [0.0]

RIC Indication Received from gnbd_208_093_00019b_0 for Subscription ID: 3, KPM Report Style: 2, UE ID: 0
E2SM_KPM RIC Indication Content:
-ColletStartTime:  2026-07-17 05:35:19
-Measurements Data:
-granulPeriod: 1000
--Metric: DRB.UEThpDl, Value: [0.0]

RIC Indication Received from gnbd_208_093_00019b_0 for Subscription ID: 3, KPM Report Style: 2, UE ID: 0
E2SM_KPM RIC Indication Content:
-ColletStartTime:  2026-07-17 05:35:20
-Measurements Data:
-granulPeriod: 1000
--Metric: DRB.UEThpDl, Value: [0.0]

RIC Indication Received from gnbd_208_093_00019b_0 for Subscription ID: 3, KPM Report Style: 2, UE ID: 0
E2SM_KPM RIC Indication Content:
-ColletStartTime:  2026-07-17 05:35:22
-Measurements Data:
-granulPeriod: 1000
--Metric: DRB.UEThpDl, Value: [0.0]

RIC Indication Received from gnbd_208_093_00019b_0 for Subscription ID: 3, KPM Report Style: 2, UE ID: 0
E2SM_KPM RIC Indication Content:
-ColletStartTime:  2026-07-17 05:35:23
-Measurements Data:
-granulPeriod: 1000
--Metric: DRB.UEThpDl, Value: [0.0]

RIC Indication Received from gnbd_208_093_00019b_0 for Subscription ID: 3, KPM Report Style: 2, UE ID: 0
E2SM_KPM RIC Indication Content:
-ColletStartTime:  2026-07-17 05:35:24
-Measurements Data:
-granulPeriod: 1000
--Metric: DRB.UEThpDl, Value: [0.0]

RIC Indication Received from gnbd_208_093_00019b_0 for Subscription ID: 3, KPM Report Style: 2, UE ID: 0
E2SM_KPM RIC Indication Content:
-ColletStartTime:  2026-07-17 05:35:25
-Measurements Data:
-granulPeriod: 1000
--Metric: DRB.UEThpDl, Value: [0.0]

RIC Indication Received from gnbd_208_093_00019b_0 for Subscription ID: 3, KPM Report Style: 2, UE ID: 0
E2SM_KPM RIC Indication Content:
-ColletStartTime:  2026-07-17 05:35:26
-Measurements Data:
-granulPeriod: 1000
--Metric: DRB.UEThpDl, Value: [0.0]

RIC Indication Received from gnbd_208_093_00019b_0 for Subscription ID: 3, KPM Report Style: 2, UE ID: 0
E2SM_KPM RIC Indication Content:
-ColletStartTime:  2026-07-17 05:35:28
-Measurements Data:
-granulPeriod: 1000
--Metric: DRB.UEThpDl, Value: [0.0]

RIC Indication Received from gnbd_208_093_00019b_0 for Subscription ID: 3, KPM Report Style: 2, UE ID: 0
E2SM_KPM RIC Indication Content:
-ColletStartTime:  2026-07-17 05:35:29
-Measurements Data:
-granulPeriod: 1000
--Metric: DRB.UEThpDl, Value: [0.0]

RIC Indication Received from gnbd_208_093_00019b_0 for Subscription ID: 3, KPM Report Style: 2, UE ID: 0
E2SM_KPM RIC Indication Content:
-ColletStartTime:  2026-07-17 05:35:30
-Measurements Data:
-granulPeriod: 1000
--Metric: DRB.UEThpDl, Value: [0.0]

RIC Indication Received from gnbd_208_093_00019b_0 for Subscription ID: 3, KPM Report Style: 2, UE ID: 0
E2SM_KPM RIC Indication Content:
-ColletStartTime:  2026-07-17 05:35:32
-Measurements Data:
-granulPeriod: 1000
--Metric: DRB.UEThpDl, Value: [0.0]

RIC Indication Received from gnbd_208_093_00019b_0 for Subscription ID: 3, KPM Report Style: 2, UE ID: 0
E2SM_KPM RIC Indication Content:
-ColletStartTime:  2026-07-17 05:35:33
-Measurements Data:
-granulPeriod: 1000
--Metric: DRB.UEThpDl, Value: [0.0]

RIC Indication Received from gnbd_208_093_00019b_0 for Subscription ID: 3, KPM Report Style: 2, UE ID: 0
E2SM_KPM RIC Indication Content:
-ColletStartTime:  2026-07-17 05:35:34
-Measurements Data:
-granulPeriod: 1000
--Metric: DRB.UEThpDl, Value: [0.0]

RIC Indication Received from gnbd_208_093_00019b_0 for Subscription ID: 3, KPM Report Style: 2, UE ID: 0
E2SM_KPM RIC Indication Content:
-ColletStartTime:  2026-07-17 05:35:35
-Measurements Data:
-granulPeriod: 1000
--Metric: DRB.UEThpDl, Value: [0.0]

RIC Indication Received from gnbd_208_093_00019b_0 for Subscription ID: 3, KPM Report Style: 2, UE ID: 0
E2SM_KPM RIC Indication Content:
-ColletStartTime:  2026-07-17 05:35:37
-Measurements Data:
-granulPeriod: 1000
--Metric: DRB.UEThpDl, Value: [0.0]

RIC Indication Received from gnbd_208_093_00019b_0 for Subscription ID: 3, KPM Report Style: 2, UE ID: 0
E2SM_KPM RIC Indication Content:
-ColletStartTime:  2026-07-17 05:35:38
-Measurements Data:
-granulPeriod: 1000
--Metric: DRB.UEThpDl, Value: [0.0]

RIC Indication Received from gnbd_208_093_00019b_0 for Subscription ID: 3, KPM Report Style: 2, UE ID: 0
E2SM_KPM RIC Indication Content:
-ColletStartTime:  2026-07-17 05:35:39
-Measurements Data:
-granulPeriod: 1000
--Metric: DRB.UEThpDl, Value: [0.0]

RIC Indication Received from gnbd_208_093_00019b_0 for Subscription ID: 3, KPM Report Style: 2, UE ID: 0
E2SM_KPM RIC Indication Content:
-ColletStartTime:  2026-07-17 05:35:40
-Measurements Data:
-granulPeriod: 1000
--Metric: DRB.UEThpDl, Value: [0.0]

RIC Indication Received from gnbd_208_093_00019b_0 for Subscription ID: 3, KPM Report Style: 2, UE ID: 0
E2SM_KPM RIC Indication Content:
-ColletStartTime:  2026-07-17 05:35:41
-Measurements Data:
-granulPeriod: 1000
--Metric: DRB.UEThpDl, Value: [0.0]

RIC Indication Received from gnbd_208_093_00019b_0 for Subscription ID: 3, KPM Report Style: 2, UE ID: 0
E2SM_KPM RIC Indication Content:
-ColletStartTime:  2026-07-17 05:35:43
-Measurements Data:
-granulPeriod: 1000
--Metric: DRB.UEThpDl, Value: [0.0]

RIC Indication Received from gnbd_208_093_00019b_0 for Subscription ID: 3, KPM Report Style: 2, UE ID: 0
E2SM_KPM RIC Indication Content:
-ColletStartTime:  2026-07-17 05:35:44
-Measurements Data:
-granulPeriod: 1000
--Metric: DRB.UEThpDl, Value: [0.0]

RIC Indication Received from gnbd_208_093_00019b_0 for Subscription ID: 3, KPM Report Style: 2, UE ID: 0
E2SM_KPM RIC Indication Content:
-ColletStartTime:  2026-07-17 05:35:45
-Measurements Data:
-granulPeriod: 1000
--Metric: DRB.UEThpDl, Value: [0.0]

RIC Indication Received from gnbd_208_093_00019b_0 for Subscription ID: 3, KPM Report Style: 2, UE ID: 0
E2SM_KPM RIC Indication Content:
-ColletStartTime:  2026-07-17 05:35:46
-Measurements Data:
-granulPeriod: 1000
--Metric: DRB.UEThpDl, Value: [0.0]

RIC Indication Received from gnbd_208_093_00019b_0 for Subscription ID: 3, KPM Report Style: 2, UE ID: 0
E2SM_KPM RIC Indication Content:
-ColletStartTime:  2026-07-17 05:35:47
-Measurements Data:
-granulPeriod: 1000
--Metric: DRB.UEThpDl, Value: [0.0]

RIC Indication Received from gnbd_208_093_00019b_0 for Subscription ID: 3, KPM Report Style: 2, UE ID: 0
E2SM_KPM RIC Indication Content:
-ColletStartTime:  2026-07-17 05:35:49
-Measurements Data:
-granulPeriod: 1000
--Metric: DRB.UEThpDl, Value: [0.0]

RIC Indication Received from gnbd_208_093_00019b_0 for Subscription ID: 3, KPM Report Style: 2, UE ID: 0
E2SM_KPM RIC Indication Content:
-ColletStartTime:  2026-07-17 05:35:50
-Measurements Data:
-granulPeriod: 1000
--Metric: DRB.UEThpDl, Value: [0.0]

RIC Indication Received from gnbd_208_093_00019b_0 for Subscription ID: 3, KPM Report Style: 2, UE ID: 0
E2SM_KPM RIC Indication Content:
-ColletStartTime:  2026-07-17 05:35:51
-Measurements Data:
-granulPeriod: 1000
--Metric: DRB.UEThpDl, Value: [0.0]

RIC Indication Received from gnbd_208_093_00019b_0 for Subscription ID: 3, KPM Report Style: 2, UE ID: 0
E2SM_KPM RIC Indication Content:
-ColletStartTime:  2026-07-17 05:35:53
-Measurements Data:
-granulPeriod: 1000
--Metric: DRB.UEThpDl, Value: [0.0]

RIC Indication Received from gnbd_208_093_00019b_0 for Subscription ID: 3, KPM Report Style: 2, UE ID: 0
E2SM_KPM RIC Indication Content:
-ColletStartTime:  2026-07-17 05:35:54
-Measurements Data:
-granulPeriod: 1000
--Metric: DRB.UEThpDl, Value: [0.0]

RIC Indication Received from gnbd_208_093_00019b_0 for Subscription ID: 3, KPM Report Style: 2, UE ID: 0
E2SM_KPM RIC Indication Content:
-ColletStartTime:  2026-07-17 05:35:55
-Measurements Data:
-granulPeriod: 1000
--Metric: DRB.UEThpDl, Value: [0.0]

RIC Indication Received from gnbd_208_093_00019b_0 for Subscription ID: 3, KPM Report Style: 2, UE ID: 0
E2SM_KPM RIC Indication Content:
-ColletStartTime:  2026-07-17 05:35:57
-Measurements Data:
-granulPeriod: 1000
--Metric: DRB.UEThpDl, Value: [0.0]

RIC Indication Received from gnbd_208_093_00019b_0 for Subscription ID: 3, KPM Report Style: 2, UE ID: 0
E2SM_KPM RIC Indication Content:
-ColletStartTime:  2026-07-17 05:35:58
-Measurements Data:
-granulPeriod: 1000
--Metric: DRB.UEThpDl, Value: [0.0]

RIC Indication Received from gnbd_208_093_00019b_0 for Subscription ID: 3, KPM Report Style: 2, UE ID: 0
E2SM_KPM RIC Indication Content:
-ColletStartTime:  2026-07-17 05:35:59
-Measurements Data:
-granulPeriod: 1000
--Metric: DRB.UEThpDl, Value: [0.0]

RIC Indication Received from gnbd_208_093_00019b_0 for Subscription ID: 3, KPM Report Style: 2, UE ID: 0
E2SM_KPM RIC Indication Content:
-ColletStartTime:  2026-07-17 05:36:00
-Measurements Data:
-granulPeriod: 1000
--Metric: DRB.UEThpDl, Value: [0.0]

RIC Indication Received from gnbd_208_093_00019b_0 for Subscription ID: 3, KPM Report Style: 2, UE ID: 0
E2SM_KPM RIC Indication Content:
-ColletStartTime:  2026-07-17 05:36:02
-Measurements Data:
-granulPeriod: 1000
--Metric: DRB.UEThpDl, Value: [0.0]

RIC Indication Received from gnbd_208_093_00019b_0 for Subscription ID: 3, KPM Report Style: 2, UE ID: 0
E2SM_KPM RIC Indication Content:
-ColletStartTime:  2026-07-17 05:36:03
-Measurements Data:
-granulPeriod: 1000
--Metric: DRB.UEThpDl, Value: [0.0]

RIC Indication Received from gnbd_208_093_00019b_0 for Subscription ID: 3, KPM Report Style: 2, UE ID: 0
E2SM_KPM RIC Indication Content:
-ColletStartTime:  2026-07-17 05:36:04
-Measurements Data:
-granulPeriod: 1000
--Metric: DRB.UEThpDl, Value: [0.0]

RIC Indication Received from gnbd_208_093_00019b_0 for Subscription ID: 3, KPM Report Style: 2, UE ID: 0
E2SM_KPM RIC Indication Content:
-ColletStartTime:  2026-07-17 05:36:06
-Measurements Data:
-granulPeriod: 1000
--Metric: DRB.UEThpDl, Value: [0.0]

RIC Indication Received from gnbd_208_093_00019b_0 for Subscription ID: 3, KPM Report Style: 2, UE ID: 0
E2SM_KPM RIC Indication Content:
-ColletStartTime:  2026-07-17 05:36:07
-Measurements Data:
-granulPeriod: 1000
--Metric: DRB.UEThpDl, Value: [0.0]

RIC Indication Received from gnbd_208_093_00019b_0 for Subscription ID: 3, KPM Report Style: 2, UE ID: 0
E2SM_KPM RIC Indication Content:
-ColletStartTime:  2026-07-17 05:36:08
-Measurements Data:
-granulPeriod: 1000
--Metric: DRB.UEThpDl, Value: [0.0]

RIC Indication Received from gnbd_208_093_00019b_0 for Subscription ID: 3, KPM Report Style: 2, UE ID: 0
E2SM_KPM RIC Indication Content:
-ColletStartTime:  2026-07-17 05:36:10
-Measurements Data:
-granulPeriod: 1000
--Metric: DRB.UEThpDl, Value: [0.0]

RIC Indication Received from gnbd_208_093_00019b_0 for Subscription ID: 3, KPM Report Style: 2, UE ID: 0
E2SM_KPM RIC Indication Content:
-ColletStartTime:  2026-07-17 05:36:11
-Measurements Data:
-granulPeriod: 1000
--Metric: DRB.UEThpDl, Value: [0.0]

RIC Indication Received from gnbd_208_093_00019b_0 for Subscription ID: 3, KPM Report Style: 2, UE ID: 0
E2SM_KPM RIC Indication Content:
-ColletStartTime:  2026-07-17 05:36:13
-Measurements Data:
-granulPeriod: 1000
--Metric: DRB.UEThpDl, Value: [0.0]

RIC Indication Received from gnbd_208_093_00019b_0 for Subscription ID: 3, KPM Report Style: 2, UE ID: 0
E2SM_KPM RIC Indication Content:
-ColletStartTime:  2026-07-17 05:36:14
-Measurements Data:
-granulPeriod: 1000
--Metric: DRB.UEThpDl, Value: [0.0]

RIC Indication Received from gnbd_208_093_00019b_0 for Subscription ID: 3, KPM Report Style: 2, UE ID: 0
E2SM_KPM RIC Indication Content:
-ColletStartTime:  2026-07-17 05:36:15
-Measurements Data:
-granulPeriod: 1000
--Metric: DRB.UEThpDl, Value: [0.0]

RIC Indication Received from gnbd_208_093_00019b_0 for Subscription ID: 3, KPM Report Style: 2, UE ID: 0
E2SM_KPM RIC Indication Content:
-ColletStartTime:  2026-07-17 05:36:17
-Measurements Data:
-granulPeriod: 1000
--Metric: DRB.UEThpDl, Value: [0.0]

RIC Indication Received from gnbd_208_093_00019b_0 for Subscription ID: 3, KPM Report Style: 2, UE ID: 0
E2SM_KPM RIC Indication Content:
-ColletStartTime:  2026-07-17 05:36:18
-Measurements Data:
-granulPeriod: 1000
--Metric: DRB.UEThpDl, Value: [0.0]

RIC Indication Received from gnbd_208_093_00019b_0 for Subscription ID: 3, KPM Report Style: 2, UE ID: 0
E2SM_KPM RIC Indication Content:
-ColletStartTime:  2026-07-17 05:36:20
-Measurements Data:
-granulPeriod: 1000
--Metric: DRB.UEThpDl, Value: [0.0]

RIC Indication Received from gnbd_208_093_00019b_0 for Subscription ID: 3, KPM Report Style: 2, UE ID: 0
E2SM_KPM RIC Indication Content:
-ColletStartTime:  2026-07-17 05:36:21
-Measurements Data:
-granulPeriod: 1000
--Metric: DRB.UEThpDl, Value: [0.0]

RIC Indication Received from gnbd_208_093_00019b_0 for Subscription ID: 3, KPM Report Style: 2, UE ID: 0
E2SM_KPM RIC Indication Content:
-ColletStartTime:  2026-07-17 05:36:22
-Measurements Data:
-granulPeriod: 1000
--Metric: DRB.UEThpDl, Value: [0.0]

RIC Indication Received from gnbd_208_093_00019b_0 for Subscription ID: 3, KPM Report Style: 2, UE ID: 0
E2SM_KPM RIC Indication Content:
-ColletStartTime:  2026-07-17 05:36:24
-Measurements Data:
-granulPeriod: 1000
--Metric: DRB.UEThpDl, Value: [0.0]

RIC Indication Received from gnbd_208_093_00019b_0 for Subscription ID: 3, KPM Report Style: 2, UE ID: 0
E2SM_KPM RIC Indication Content:
-ColletStartTime:  2026-07-17 05:36:25
-Measurements Data:
-granulPeriod: 1000
--Metric: DRB.UEThpDl, Value: [0.0]

RIC Indication Received from gnbd_208_093_00019b_0 for Subscription ID: 3, KPM Report Style: 2, UE ID: 0
E2SM_KPM RIC Indication Content:
-ColletStartTime:  2026-07-17 05:36:27
-Measurements Data:
-granulPeriod: 1000
--Metric: DRB.UEThpDl, Value: [0.0]

RIC Indication Received from gnbd_208_093_00019b_0 for Subscription ID: 3, KPM Report Style: 2, UE ID: 0
E2SM_KPM RIC Indication Content:
-ColletStartTime:  2026-07-17 05:36:28
-Measurements Data:
-granulPeriod: 1000
--Metric: DRB.UEThpDl, Value: [0.0]

RIC Indication Received from gnbd_208_093_00019b_0 for Subscription ID: 3, KPM Report Style: 2, UE ID: 0
E2SM_KPM RIC Indication Content:
-ColletStartTime:  2026-07-17 05:36:29
-Measurements Data:
-granulPeriod: 1000
--Metric: DRB.UEThpDl, Value: [0.0]

RIC Indication Received from gnbd_208_093_00019b_0 for Subscription ID: 3, KPM Report Style: 2, UE ID: 0
E2SM_KPM RIC Indication Content:
-ColletStartTime:  2026-07-17 05:36:31
-Measurements Data:
-granulPeriod: 1000
--Metric: DRB.UEThpDl, Value: [0.0]

RIC Indication Received from gnbd_208_093_00019b_0 for Subscription ID: 3, KPM Report Style: 2, UE ID: 0
E2SM_KPM RIC Indication Content:
-ColletStartTime:  2026-07-17 05:36:32
-Measurements Data:
-granulPeriod: 1000
--Metric: DRB.UEThpDl, Value: [0.0]

RIC Indication Received from gnbd_208_093_00019b_0 for Subscription ID: 3, KPM Report Style: 2, UE ID: 0
E2SM_KPM RIC Indication Content:
-ColletStartTime:  2026-07-17 05:36:33
-Measurements Data:
-granulPeriod: 1000
--Metric: DRB.UEThpDl, Value: [0.0]

RIC Indication Received from gnbd_208_093_00019b_0 for Subscription ID: 3, KPM Report Style: 2, UE ID: 0
E2SM_KPM RIC Indication Content:
-ColletStartTime:  2026-07-17 05:36:35
-Measurements Data:
-granulPeriod: 1000
--Metric: DRB.UEThpDl, Value: [0.0]

RIC Indication Received from gnbd_208_093_00019b_0 for Subscription ID: 3, KPM Report Style: 2, UE ID: 0
E2SM_KPM RIC Indication Content:
-ColletStartTime:  2026-07-17 05:36:36
-Measurements Data:
-granulPeriod: 1000
--Metric: DRB.UEThpDl, Value: [0.0]

RIC Indication Received from gnbd_208_093_00019b_0 for Subscription ID: 3, KPM Report Style: 2, UE ID: 0
E2SM_KPM RIC Indication Content:
-ColletStartTime:  2026-07-17 05:36:37
-Measurements Data:
-granulPeriod: 1000
--Metric: DRB.UEThpDl, Value: [0.0]

RIC Indication Received from gnbd_208_093_00019b_0 for Subscription ID: 3, KPM Report Style: 2, UE ID: 0
E2SM_KPM RIC Indication Content:
-ColletStartTime:  2026-07-17 05:36:39
-Measurements Data:
-granulPeriod: 1000
--Metric: DRB.UEThpDl, Value: [0.0]

RIC Indication Received from gnbd_208_093_00019b_0 for Subscription ID: 3, KPM Report Style: 2, UE ID: 0
E2SM_KPM RIC Indication Content:
-ColletStartTime:  2026-07-17 05:36:40
-Measurements Data:
-granulPeriod: 1000
--Metric: DRB.UEThpDl, Value: [0.0]

RIC Indication Received from gnbd_208_093_00019b_0 for Subscription ID: 3, KPM Report Style: 2, UE ID: 0
E2SM_KPM RIC Indication Content:
-ColletStartTime:  2026-07-17 05:36:41
-Measurements Data:
-granulPeriod: 1000
--Metric: DRB.UEThpDl, Value: [0.0]

RIC Indication Received from gnbd_208_093_00019b_0 for Subscription ID: 3, KPM Report Style: 2, UE ID: 0
E2SM_KPM RIC Indication Content:
-ColletStartTime:  2026-07-17 05:36:42
-Measurements Data:
-granulPeriod: 1000
--Metric: DRB.UEThpDl, Value: [0.0]

RIC Indication Received from gnbd_208_093_00019b_0 for Subscription ID: 3, KPM Report Style: 2, UE ID: 0
E2SM_KPM RIC Indication Content:
-ColletStartTime:  2026-07-17 05:36:43
-Measurements Data:
-granulPeriod: 1000
--Metric: DRB.UEThpDl, Value: [0.0]

RIC Indication Received from gnbd_208_093_00019b_0 for Subscription ID: 3, KPM Report Style: 2, UE ID: 0
E2SM_KPM RIC Indication Content:
-ColletStartTime:  2026-07-17 05:36:45
-Measurements Data:
-granulPeriod: 1000
--Metric: DRB.UEThpDl, Value: [0.0]

RIC Indication Received from gnbd_208_093_00019b_0 for Subscription ID: 3, KPM Report Style: 2, UE ID: 0
E2SM_KPM RIC Indication Content:
-ColletStartTime:  2026-07-17 05:36:46
-Measurements Data:
-granulPeriod: 1000
--Metric: DRB.UEThpDl, Value: [0.0]

RIC Indication Received from gnbd_208_093_00019b_0 for Subscription ID: 3, KPM Report Style: 2, UE ID: 0
E2SM_KPM RIC Indication Content:
-ColletStartTime:  2026-07-17 05:36:47
-Measurements Data:
-granulPeriod: 1000
--Metric: DRB.UEThpDl, Value: [0.0]

RIC Indication Received from gnbd_208_093_00019b_0 for Subscription ID: 3, KPM Report Style: 2, UE ID: 0
E2SM_KPM RIC Indication Content:
-ColletStartTime:  2026-07-17 05:36:48
-Measurements Data:
-granulPeriod: 1000
--Metric: DRB.UEThpDl, Value: [0.0]

RIC Indication Received from gnbd_208_093_00019b_0 for Subscription ID: 3, KPM Report Style: 2, UE ID: 0
E2SM_KPM RIC Indication Content:
-ColletStartTime:  2026-07-17 05:36:49
-Measurements Data:
-granulPeriod: 1000
--Metric: DRB.UEThpDl, Value: [0.0]

RIC Indication Received from gnbd_208_093_00019b_0 for Subscription ID: 3, KPM Report Style: 2, UE ID: 0
E2SM_KPM RIC Indication Content:
-ColletStartTime:  2026-07-17 05:36:50
-Measurements Data:
-granulPeriod: 1000
--Metric: DRB.UEThpDl, Value: [0.0]

RIC Indication Received from gnbd_208_093_00019b_0 for Subscription ID: 3, KPM Report Style: 2, UE ID: 0
E2SM_KPM RIC Indication Content:
-ColletStartTime:  2026-07-17 05:36:51
-Measurements Data:
-granulPeriod: 1000
--Metric: DRB.UEThpDl, Value: [0.0]

RIC Indication Received from gnbd_208_093_00019b_0 for Subscription ID: 3, KPM Report Style: 2, UE ID: 0
E2SM_KPM RIC Indication Content:
-ColletStartTime:  2026-07-17 05:36:53
-Measurements Data:
-granulPeriod: 1000
--Metric: DRB.UEThpDl, Value: [0.0]

RIC Indication Received from gnbd_208_093_00019b_0 for Subscription ID: 3, KPM Report Style: 2, UE ID: 0
E2SM_KPM RIC Indication Content:
-ColletStartTime:  2026-07-17 05:36:54
-Measurements Data:
-granulPeriod: 1000
--Metric: DRB.UEThpDl, Value: [0.0]

RIC Indication Received from gnbd_208_093_00019b_0 for Subscription ID: 3, KPM Report Style: 2, UE ID: 0
E2SM_KPM RIC Indication Content:
-ColletStartTime:  2026-07-17 05:36:55
-Measurements Data:
-granulPeriod: 1000
--Metric: DRB.UEThpDl, Value: [0.0]

RIC Indication Received from gnbd_208_093_00019b_0 for Subscription ID: 3, KPM Report Style: 2, UE ID: 0
E2SM_KPM RIC Indication Content:
-ColletStartTime:  2026-07-17 05:36:56
-Measurements Data:
-granulPeriod: 1000
--Metric: DRB.UEThpDl, Value: [0.0]

RIC Indication Received from gnbd_208_093_00019b_0 for Subscription ID: 3, KPM Report Style: 2, UE ID: 0
E2SM_KPM RIC Indication Content:
-ColletStartTime:  2026-07-17 05:36:57
-Measurements Data:
-granulPeriod: 1000
--Metric: DRB.UEThpDl, Value: [0.0]

RIC Indication Received from gnbd_208_093_00019b_0 for Subscription ID: 3, KPM Report Style: 2, UE ID: 0
E2SM_KPM RIC Indication Content:
-ColletStartTime:  2026-07-17 05:36:59
-Measurements Data:
-granulPeriod: 1000
--Metric: DRB.UEThpDl, Value: [0.0]

RIC Indication Received from gnbd_208_093_00019b_0 for Subscription ID: 3, KPM Report Style: 2, UE ID: 0
E2SM_KPM RIC Indication Content:
-ColletStartTime:  2026-07-17 05:37:00
-Measurements Data:
-granulPeriod: 1000
--Metric: DRB.UEThpDl, Value: [0.0]

RIC Indication Received from gnbd_208_093_00019b_0 for Subscription ID: 3, KPM Report Style: 2, UE ID: 0
E2SM_KPM RIC Indication Content:
-ColletStartTime:  2026-07-17 05:37:01
-Measurements Data:
-granulPeriod: 1000
--Metric: DRB.UEThpDl, Value: [0.0]

RIC Indication Received from gnbd_208_093_00019b_0 for Subscription ID: 3, KPM Report Style: 2, UE ID: 0
E2SM_KPM RIC Indication Content:
-ColletStartTime:  2026-07-17 05:37:02
-Measurements Data:
-granulPeriod: 1000
--Metric: DRB.UEThpDl, Value: [0.0]

RIC Indication Received from gnbd_208_093_00019b_0 for Subscription ID: 3, KPM Report Style: 2, UE ID: 0
E2SM_KPM RIC Indication Content:
-ColletStartTime:  2026-07-17 05:37:03
-Measurements Data:
-granulPeriod: 1000
--Metric: DRB.UEThpDl, Value: [0.0]

RIC Indication Received from gnbd_208_093_00019b_0 for Subscription ID: 3, KPM Report Style: 2, UE ID: 0
E2SM_KPM RIC Indication Content:
-ColletStartTime:  2026-07-17 05:37:04
-Measurements Data:
-granulPeriod: 1000
--Metric: DRB.UEThpDl, Value: [0.0]

RIC Indication Received from gnbd_208_093_00019b_0 for Subscription ID: 3, KPM Report Style: 2, UE ID: 0
E2SM_KPM RIC Indication Content:
-ColletStartTime:  2026-07-17 05:37:05
-Measurements Data:
-granulPeriod: 1000
--Metric: DRB.UEThpDl, Value: [0.0]

RIC Indication Received from gnbd_208_093_00019b_0 for Subscription ID: 3, KPM Report Style: 2, UE ID: 0
E2SM_KPM RIC Indication Content:
-ColletStartTime:  2026-07-17 05:37:07
-Measurements Data:
-granulPeriod: 1000
--Metric: DRB.UEThpDl, Value: [0.0]

RIC Indication Received from gnbd_208_093_00019b_0 for Subscription ID: 3, KPM Report Style: 2, UE ID: 0
E2SM_KPM RIC Indication Content:
-ColletStartTime:  2026-07-17 05:37:08
-Measurements Data:
-granulPeriod: 1000
--Metric: DRB.UEThpDl, Value: [0.0]

RIC Indication Received from gnbd_208_093_00019b_0 for Subscription ID: 3, KPM Report Style: 2, UE ID: 0
E2SM_KPM RIC Indication Content:
-ColletStartTime:  2026-07-17 05:37:09
-Measurements Data:
-granulPeriod: 1000
--Metric: DRB.UEThpDl, Value: [0.0]

RIC Indication Received from gnbd_208_093_00019b_0 for Subscription ID: 3, KPM Report Style: 2, UE ID: 0
E2SM_KPM RIC Indication Content:
-ColletStartTime:  2026-07-17 05:37:10
-Measurements Data:
-granulPeriod: 1000
--Metric: DRB.UEThpDl, Value: [0.0]

RIC Indication Received from gnbd_208_093_00019b_0 for Subscription ID: 3, KPM Report Style: 2, UE ID: 0
E2SM_KPM RIC Indication Content:
-ColletStartTime:  2026-07-17 05:37:11
-Measurements Data:
-granulPeriod: 1000
--Metric: DRB.UEThpDl, Value: [0.0]

RIC Indication Received from gnbd_208_093_00019b_0 for Subscription ID: 3, KPM Report Style: 2, UE ID: 0
E2SM_KPM RIC Indication Content:
-ColletStartTime:  2026-07-17 05:37:12
-Measurements Data:
-granulPeriod: 1000
--Metric: DRB.UEThpDl, Value: [0.0]

RIC Indication Received from gnbd_208_093_00019b_0 for Subscription ID: 3, KPM Report Style: 2, UE ID: 0
E2SM_KPM RIC Indication Content:
-ColletStartTime:  2026-07-17 05:37:14
-Measurements Data:
-granulPeriod: 1000
--Metric: DRB.UEThpDl, Value: [0.0]

RIC Indication Received from gnbd_208_093_00019b_0 for Subscription ID: 3, KPM Report Style: 2, UE ID: 0
E2SM_KPM RIC Indication Content:
-ColletStartTime:  2026-07-17 05:37:15
-Measurements Data:
-granulPeriod: 1000
--Metric: DRB.UEThpDl, Value: [0.0]

RIC Indication Received from gnbd_208_093_00019b_0 for Subscription ID: 3, KPM Report Style: 2, UE ID: 0
E2SM_KPM RIC Indication Content:
-ColletStartTime:  2026-07-17 05:37:16
-Measurements Data:
-granulPeriod: 1000
--Metric: DRB.UEThpDl, Value: [0.0]

RIC Indication Received from gnbd_208_093_00019b_0 for Subscription ID: 3, KPM Report Style: 2, UE ID: 0
E2SM_KPM RIC Indication Content:
-ColletStartTime:  2026-07-17 05:37:17
-Measurements Data:
-granulPeriod: 1000
--Metric: DRB.UEThpDl, Value: [0.0]

RIC Indication Received from gnbd_208_093_00019b_0 for Subscription ID: 3, KPM Report Style: 2, UE ID: 0
E2SM_KPM RIC Indication Content:
-ColletStartTime:  2026-07-17 05:37:18
-Measurements Data:
-granulPeriod: 1000
--Metric: DRB.UEThpDl, Value: [0.0]

RIC Indication Received from gnbd_208_093_00019b_0 for Subscription ID: 3, KPM Report Style: 2, UE ID: 0
E2SM_KPM RIC Indication Content:
-ColletStartTime:  2026-07-17 05:37:20
-Measurements Data:
-granulPeriod: 1000
--Metric: DRB.UEThpDl, Value: [0.0]

RIC Indication Received from gnbd_208_093_00019b_0 for Subscription ID: 3, KPM Report Style: 2, UE ID: 0
E2SM_KPM RIC Indication Content:
-ColletStartTime:  2026-07-17 05:37:21
-Measurements Data:
-granulPeriod: 1000
--Metric: DRB.UEThpDl, Value: [0.0]

RIC Indication Received from gnbd_208_093_00019b_0 for Subscription ID: 3, KPM Report Style: 2, UE ID: 0
E2SM_KPM RIC Indication Content:
-ColletStartTime:  2026-07-17 05:37:22
-Measurements Data:
-granulPeriod: 1000
--Metric: DRB.UEThpDl, Value: [0.0]

RIC Indication Received from gnbd_208_093_00019b_0 for Subscription ID: 3, KPM Report Style: 2, UE ID: 0
E2SM_KPM RIC Indication Content:
-ColletStartTime:  2026-07-17 05:37:24
-Measurements Data:
-granulPeriod: 1000
--Metric: DRB.UEThpDl, Value: [0.0]

RIC Indication Received from gnbd_208_093_00019b_0 for Subscription ID: 3, KPM Report Style: 2, UE ID: 0
E2SM_KPM RIC Indication Content:
-ColletStartTime:  2026-07-17 05:37:25
-Measurements Data:
-granulPeriod: 1000
--Metric: DRB.UEThpDl, Value: [0.0]

RIC Indication Received from gnbd_208_093_00019b_0 for Subscription ID: 3, KPM Report Style: 2, UE ID: 0
E2SM_KPM RIC Indication Content:
-ColletStartTime:  2026-07-17 05:37:26
-Measurements Data:
-granulPeriod: 1000
--Metric: DRB.UEThpDl, Value: [0.0]

RIC Indication Received from gnbd_208_093_00019b_0 for Subscription ID: 3, KPM Report Style: 2, UE ID: 0
E2SM_KPM RIC Indication Content:
-ColletStartTime:  2026-07-17 05:37:28
-Measurements Data:
-granulPeriod: 1000
--Metric: DRB.UEThpDl, Value: [0.0]

RIC Indication Received from gnbd_208_093_00019b_0 for Subscription ID: 3, KPM Report Style: 2, UE ID: 0
E2SM_KPM RIC Indication Content:
-ColletStartTime:  2026-07-17 05:37:29
-Measurements Data:
-granulPeriod: 1000
--Metric: DRB.UEThpDl, Value: [0.0]

RIC Indication Received from gnbd_208_093_00019b_0 for Subscription ID: 3, KPM Report Style: 2, UE ID: 0
E2SM_KPM RIC Indication Content:
-ColletStartTime:  2026-07-17 05:37:31
-Measurements Data:
-granulPeriod: 1000
--Metric: DRB.UEThpDl, Value: [0.0]

RIC Indication Received from gnbd_208_093_00019b_0 for Subscription ID: 3, KPM Report Style: 2, UE ID: 0
E2SM_KPM RIC Indication Content:
-ColletStartTime:  2026-07-17 05:37:32
-Measurements Data:
-granulPeriod: 1000
--Metric: DRB.UEThpDl, Value: [0.0]

RIC Indication Received from gnbd_208_093_00019b_0 for Subscription ID: 3, KPM Report Style: 2, UE ID: 0
E2SM_KPM RIC Indication Content:
-ColletStartTime:  2026-07-17 05:37:33
-Measurements Data:
-granulPeriod: 1000
--Metric: DRB.UEThpDl, Value: [0.0]

RIC Indication Received from gnbd_208_093_00019b_0 for Subscription ID: 3, KPM Report Style: 2, UE ID: 0
E2SM_KPM RIC Indication Content:
-ColletStartTime:  2026-07-17 05:37:34
-Measurements Data:
-granulPeriod: 1000
--Metric: DRB.UEThpDl, Value: [0.0]

RIC Indication Received from gnbd_208_093_00019b_0 for Subscription ID: 3, KPM Report Style: 2, UE ID: 0
E2SM_KPM RIC Indication Content:
-ColletStartTime:  2026-07-17 05:37:35
-Measurements Data:
-granulPeriod: 1000
--Metric: DRB.UEThpDl, Value: [0.0]

RIC Indication Received from gnbd_208_093_00019b_0 for Subscription ID: 3, KPM Report Style: 2, UE ID: 0
E2SM_KPM RIC Indication Content:
-ColletStartTime:  2026-07-17 05:37:37
-Measurements Data:
-granulPeriod: 1000
--Metric: DRB.UEThpDl, Value: [0.0]

RIC Indication Received from gnbd_208_093_00019b_0 for Subscription ID: 3, KPM Report Style: 2, UE ID: 0
E2SM_KPM RIC Indication Content:
-ColletStartTime:  2026-07-17 05:37:38
-Measurements Data:
-granulPeriod: 1000
--Metric: DRB.UEThpDl, Value: [0.0]

RIC Indication Received from gnbd_208_093_00019b_0 for Subscription ID: 3, KPM Report Style: 2, UE ID: 0
E2SM_KPM RIC Indication Content:
-ColletStartTime:  2026-07-17 05:37:39
-Measurements Data:
-granulPeriod: 1000
--Metric: DRB.UEThpDl, Value: [0.0]

RIC Indication Received from gnbd_208_093_00019b_0 for Subscription ID: 3, KPM Report Style: 2, UE ID: 0
E2SM_KPM RIC Indication Content:
-ColletStartTime:  2026-07-17 05:37:40
-Measurements Data:
-granulPeriod: 1000
--Metric: DRB.UEThpDl, Value: [0.0]

RIC Indication Received from gnbd_208_093_00019b_0 for Subscription ID: 3, KPM Report Style: 2, UE ID: 0
E2SM_KPM RIC Indication Content:
-ColletStartTime:  2026-07-17 05:37:42
-Measurements Data:
-granulPeriod: 1000
--Metric: DRB.UEThpDl, Value: [0.0]

RIC Indication Received from gnbd_208_093_00019b_0 for Subscription ID: 3, KPM Report Style: 2, UE ID: 0
E2SM_KPM RIC Indication Content:
-ColletStartTime:  2026-07-17 05:37:43
-Measurements Data:
-granulPeriod: 1000
--Metric: DRB.UEThpDl, Value: [0.0]

RIC Indication Received from gnbd_208_093_00019b_0 for Subscription ID: 3, KPM Report Style: 2, UE ID: 0
E2SM_KPM RIC Indication Content:
-ColletStartTime:  2026-07-17 05:37:44
-Measurements Data:
-granulPeriod: 1000
--Metric: DRB.UEThpDl, Value: [0.0]

RIC Indication Received from gnbd_208_093_00019b_0 for Subscription ID: 3, KPM Report Style: 2, UE ID: 0
E2SM_KPM RIC Indication Content:
-ColletStartTime:  2026-07-17 05:37:45
-Measurements Data:
-granulPeriod: 1000
--Metric: DRB.UEThpDl, Value: [0.0]

RIC Indication Received from gnbd_208_093_00019b_0 for Subscription ID: 3, KPM Report Style: 2, UE ID: 0
E2SM_KPM RIC Indication Content:
-ColletStartTime:  2026-07-17 05:37:47
-Measurements Data:
-granulPeriod: 1000
--Metric: DRB.UEThpDl, Value: [0.0]

RIC Indication Received from gnbd_208_093_00019b_0 for Subscription ID: 3, KPM Report Style: 2, UE ID: 0
E2SM_KPM RIC Indication Content:
-ColletStartTime:  2026-07-17 05:37:48
-Measurements Data:
-granulPeriod: 1000
--Metric: DRB.UEThpDl, Value: [0.0]

RIC Indication Received from gnbd_208_093_00019b_0 for Subscription ID: 3, KPM Report Style: 2, UE ID: 0
E2SM_KPM RIC Indication Content:
-ColletStartTime:  2026-07-17 05:37:49
-Measurements Data:
-granulPeriod: 1000
--Metric: DRB.UEThpDl, Value: [0.0]

RIC Indication Received from gnbd_208_093_00019b_0 for Subscription ID: 3, KPM Report Style: 2, UE ID: 0
E2SM_KPM RIC Indication Content:
-ColletStartTime:  2026-07-17 05:37:50
-Measurements Data:
-granulPeriod: 1000
--Metric: DRB.UEThpDl, Value: [0.0]

RIC Indication Received from gnbd_208_093_00019b_0 for Subscription ID: 3, KPM Report Style: 2, UE ID: 0
E2SM_KPM RIC Indication Content:
-ColletStartTime:  2026-07-17 05:37:51
-Measurements Data:
-granulPeriod: 1000
--Metric: DRB.UEThpDl, Value: [0.0]

RIC Indication Received from gnbd_208_093_00019b_0 for Subscription ID: 3, KPM Report Style: 2, UE ID: 0
E2SM_KPM RIC Indication Content:
-ColletStartTime:  2026-07-17 05:37:52
-Measurements Data:
-granulPeriod: 1000
--Metric: DRB.UEThpDl, Value: [0.0]

RIC Indication Received from gnbd_208_093_00019b_0 for Subscription ID: 3, KPM Report Style: 2, UE ID: 0
E2SM_KPM RIC Indication Content:
-ColletStartTime:  2026-07-17 05:37:54
-Measurements Data:
-granulPeriod: 1000
--Metric: DRB.UEThpDl, Value: [0.0]

RIC Indication Received from gnbd_208_093_00019b_0 for Subscription ID: 3, KPM Report Style: 2, UE ID: 0
E2SM_KPM RIC Indication Content:
-ColletStartTime:  2026-07-17 05:37:55
-Measurements Data:
-granulPeriod: 1000
--Metric: DRB.UEThpDl, Value: [0.0]

RIC Indication Received from gnbd_208_093_00019b_0 for Subscription ID: 3, KPM Report Style: 2, UE ID: 0
E2SM_KPM RIC Indication Content:
-ColletStartTime:  2026-07-17 05:37:56
-Measurements Data:
-granulPeriod: 1000
--Metric: DRB.UEThpDl, Value: [0.0]

RIC Indication Received from gnbd_208_093_00019b_0 for Subscription ID: 3, KPM Report Style: 2, UE ID: 0
E2SM_KPM RIC Indication Content:
-ColletStartTime:  2026-07-17 05:37:57
-Measurements Data:
-granulPeriod: 1000
--Metric: DRB.UEThpDl, Value: [0.0]

RIC Indication Received from gnbd_208_093_00019b_0 for Subscription ID: 3, KPM Report Style: 2, UE ID: 0
E2SM_KPM RIC Indication Content:
-ColletStartTime:  2026-07-17 05:37:58
-Measurements Data:
-granulPeriod: 1000
--Metric: DRB.UEThpDl, Value: [0.0]

RIC Indication Received from gnbd_208_093_00019b_0 for Subscription ID: 3, KPM Report Style: 2, UE ID: 0
E2SM_KPM RIC Indication Content:
-ColletStartTime:  2026-07-17 05:38:00
-Measurements Data:
-granulPeriod: 1000
--Metric: DRB.UEThpDl, Value: [0.0]

RIC Indication Received from gnbd_208_093_00019b_0 for Subscription ID: 3, KPM Report Style: 2, UE ID: 0
E2SM_KPM RIC Indication Content:
-ColletStartTime:  2026-07-17 05:38:01
-Measurements Data:
-granulPeriod: 1000
--Metric: DRB.UEThpDl, Value: [0.0]

RIC Indication Received from gnbd_208_093_00019b_0 for Subscription ID: 3, KPM Report Style: 2, UE ID: 0
E2SM_KPM RIC Indication Content:
-ColletStartTime:  2026-07-17 05:38:02
-Measurements Data:
-granulPeriod: 1000
--Metric: DRB.UEThpDl, Value: [0.0]

RIC Indication Received from gnbd_208_093_00019b_0 for Subscription ID: 3, KPM Report Style: 2, UE ID: 0
E2SM_KPM RIC Indication Content:
-ColletStartTime:  2026-07-17 05:38:03
-Measurements Data:
-granulPeriod: 1000
--Metric: DRB.UEThpDl, Value: [0.0]

RIC Indication Received from gnbd_208_093_00019b_0 for Subscription ID: 3, KPM Report Style: 2, UE ID: 0
E2SM_KPM RIC Indication Content:
-ColletStartTime:  2026-07-17 05:38:05
-Measurements Data:
-granulPeriod: 1000
--Metric: DRB.UEThpDl, Value: [0.0]

RIC Indication Received from gnbd_208_093_00019b_0 for Subscription ID: 3, KPM Report Style: 2, UE ID: 0
E2SM_KPM RIC Indication Content:
-ColletStartTime:  2026-07-17 05:38:06
-Measurements Data:
-granulPeriod: 1000
--Metric: DRB.UEThpDl, Value: [0.0]

RIC Indication Received from gnbd_208_093_00019b_0 for Subscription ID: 3, KPM Report Style: 2, UE ID: 0
E2SM_KPM RIC Indication Content:
-ColletStartTime:  2026-07-17 05:38:07
-Measurements Data:
-granulPeriod: 1000
--Metric: DRB.UEThpDl, Value: [0.0]

RIC Indication Received from gnbd_208_093_00019b_0 for Subscription ID: 3, KPM Report Style: 2, UE ID: 0
E2SM_KPM RIC Indication Content:
-ColletStartTime:  2026-07-17 05:38:08
-Measurements Data:
-granulPeriod: 1000
--Metric: DRB.UEThpDl, Value: [0.0]

RIC Indication Received from gnbd_208_093_00019b_0 for Subscription ID: 3, KPM Report Style: 2, UE ID: 0
E2SM_KPM RIC Indication Content:
-ColletStartTime:  2026-07-17 05:38:10
-Measurements Data:
-granulPeriod: 1000
--Metric: DRB.UEThpDl, Value: [0.0]

RIC Indication Received from gnbd_208_093_00019b_0 for Subscription ID: 3, KPM Report Style: 2, UE ID: 0
E2SM_KPM RIC Indication Content:
-ColletStartTime:  2026-07-17 05:38:11
-Measurements Data:
-granulPeriod: 1000
--Metric: DRB.UEThpDl, Value: [0.0]

RIC Indication Received from gnbd_208_093_00019b_0 for Subscription ID: 3, KPM Report Style: 2, UE ID: 0
E2SM_KPM RIC Indication Content:
-ColletStartTime:  2026-07-17 05:38:12
-Measurements Data:
-granulPeriod: 1000
--Metric: DRB.UEThpDl, Value: [0.0]

RIC Indication Received from gnbd_208_093_00019b_0 for Subscription ID: 3, KPM Report Style: 2, UE ID: 0
E2SM_KPM RIC Indication Content:
-ColletStartTime:  2026-07-17 05:38:13
-Measurements Data:
-granulPeriod: 1000
--Metric: DRB.UEThpDl, Value: [0.0]

RIC Indication Received from gnbd_208_093_00019b_0 for Subscription ID: 3, KPM Report Style: 2, UE ID: 0
E2SM_KPM RIC Indication Content:
-ColletStartTime:  2026-07-17 05:38:14
-Measurements Data:
-granulPeriod: 1000
--Metric: DRB.UEThpDl, Value: [0.0]

RIC Indication Received from gnbd_208_093_00019b_0 for Subscription ID: 3, KPM Report Style: 2, UE ID: 0
E2SM_KPM RIC Indication Content:
-ColletStartTime:  2026-07-17 05:38:15
-Measurements Data:
-granulPeriod: 1000
--Metric: DRB.UEThpDl, Value: [0.0]

RIC Indication Received from gnbd_208_093_00019b_0 for Subscription ID: 3, KPM Report Style: 2, UE ID: 0
E2SM_KPM RIC Indication Content:
-ColletStartTime:  2026-07-17 05:38:17
-Measurements Data:
-granulPeriod: 1000
--Metric: DRB.UEThpDl, Value: [0.0]

RIC Indication Received from gnbd_208_093_00019b_0 for Subscription ID: 3, KPM Report Style: 2, UE ID: 0
E2SM_KPM RIC Indication Content:
-ColletStartTime:  2026-07-17 05:38:18
-Measurements Data:
-granulPeriod: 1000
--Metric: DRB.UEThpDl, Value: [0.0]

RIC Indication Received from gnbd_208_093_00019b_0 for Subscription ID: 3, KPM Report Style: 2, UE ID: 0
E2SM_KPM RIC Indication Content:
-ColletStartTime:  2026-07-17 05:38:19
-Measurements Data:
-granulPeriod: 1000
--Metric: DRB.UEThpDl, Value: [0.0]

RIC Indication Received from gnbd_208_093_00019b_0 for Subscription ID: 3, KPM Report Style: 2, UE ID: 0
E2SM_KPM RIC Indication Content:
-ColletStartTime:  2026-07-17 05:38:20
-Measurements Data:
-granulPeriod: 1000
--Metric: DRB.UEThpDl, Value: [0.0]

RIC Indication Received from gnbd_208_093_00019b_0 for Subscription ID: 3, KPM Report Style: 2, UE ID: 0
E2SM_KPM RIC Indication Content:
-ColletStartTime:  2026-07-17 05:38:21
-Measurements Data:
-granulPeriod: 1000
--Metric: DRB.UEThpDl, Value: [0.0]

RIC Indication Received from gnbd_208_093_00019b_0 for Subscription ID: 3, KPM Report Style: 2, UE ID: 0
E2SM_KPM RIC Indication Content:
-ColletStartTime:  2026-07-17 05:38:22
-Measurements Data:
-granulPeriod: 1000
--Metric: DRB.UEThpDl, Value: [0.0]

RIC Indication Received from gnbd_208_093_00019b_0 for Subscription ID: 3, KPM Report Style: 2, UE ID: 0
E2SM_KPM RIC Indication Content:
-ColletStartTime:  2026-07-17 05:38:24
-Measurements Data:
-granulPeriod: 1000
--Metric: DRB.UEThpDl, Value: [0.0]

RIC Indication Received from gnbd_208_093_00019b_0 for Subscription ID: 3, KPM Report Style: 2, UE ID: 0
E2SM_KPM RIC Indication Content:
-ColletStartTime:  2026-07-17 05:38:25
-Measurements Data:
-granulPeriod: 1000
--Metric: DRB.UEThpDl, Value: [0.0]

RIC Indication Received from gnbd_208_093_00019b_0 for Subscription ID: 3, KPM Report Style: 2, UE ID: 0
E2SM_KPM RIC Indication Content:
-ColletStartTime:  2026-07-17 05:38:26
-Measurements Data:
-granulPeriod: 1000
--Metric: DRB.UEThpDl, Value: [0.0]

RIC Indication Received from gnbd_208_093_00019b_0 for Subscription ID: 3, KPM Report Style: 2, UE ID: 0
E2SM_KPM RIC Indication Content:
-ColletStartTime:  2026-07-17 05:38:27
-Measurements Data:
-granulPeriod: 1000
--Metric: DRB.UEThpDl, Value: [0.0]

RIC Indication Received from gnbd_208_093_00019b_0 for Subscription ID: 3, KPM Report Style: 2, UE ID: 0
E2SM_KPM RIC Indication Content:
-ColletStartTime:  2026-07-17 05:38:28
-Measurements Data:
-granulPeriod: 1000
--Metric: DRB.UEThpDl, Value: [0.0]

RIC Indication Received from gnbd_208_093_00019b_0 for Subscription ID: 3, KPM Report Style: 2, UE ID: 0
E2SM_KPM RIC Indication Content:
-ColletStartTime:  2026-07-17 05:38:30
-Measurements Data:
-granulPeriod: 1000
--Metric: DRB.UEThpDl, Value: [0.0]

RIC Indication Received from gnbd_208_093_00019b_0 for Subscription ID: 3, KPM Report Style: 2, UE ID: 0
E2SM_KPM RIC Indication Content:
-ColletStartTime:  2026-07-17 05:38:31
-Measurements Data:
-granulPeriod: 1000
--Metric: DRB.UEThpDl, Value: [0.0]

RIC Indication Received from gnbd_208_093_00019b_0 for Subscription ID: 3, KPM Report Style: 2, UE ID: 0
E2SM_KPM RIC Indication Content:
-ColletStartTime:  2026-07-17 05:38:32
-Measurements Data:
-granulPeriod: 1000
--Metric: DRB.UEThpDl, Value: [0.0]

RIC Indication Received from gnbd_208_093_00019b_0 for Subscription ID: 3, KPM Report Style: 2, UE ID: 0
E2SM_KPM RIC Indication Content:
-ColletStartTime:  2026-07-17 05:38:33
-Measurements Data:
-granulPeriod: 1000
--Metric: DRB.UEThpDl, Value: [0.0]

RIC Indication Received from gnbd_208_093_00019b_0 for Subscription ID: 3, KPM Report Style: 2, UE ID: 0
E2SM_KPM RIC Indication Content:
-ColletStartTime:  2026-07-17 05:38:34
-Measurements Data:
-granulPeriod: 1000
--Metric: DRB.UEThpDl, Value: [0.0]

RIC Indication Received from gnbd_208_093_00019b_0 for Subscription ID: 3, KPM Report Style: 2, UE ID: 0
E2SM_KPM RIC Indication Content:
-ColletStartTime:  2026-07-17 05:38:36
-Measurements Data:
-granulPeriod: 1000
--Metric: DRB.UEThpDl, Value: [0.0]

RIC Indication Received from gnbd_208_093_00019b_0 for Subscription ID: 3, KPM Report Style: 2, UE ID: 0
E2SM_KPM RIC Indication Content:
-ColletStartTime:  2026-07-17 05:38:37
-Measurements Data:
-granulPeriod: 1000
--Metric: DRB.UEThpDl, Value: [0.0]

RIC Indication Received from gnbd_208_093_00019b_0 for Subscription ID: 3, KPM Report Style: 2, UE ID: 0
E2SM_KPM RIC Indication Content:
-ColletStartTime:  2026-07-17 05:38:38
-Measurements Data:
-granulPeriod: 1000
--Metric: DRB.UEThpDl, Value: [0.0]

RIC Indication Received from gnbd_208_093_00019b_0 for Subscription ID: 3, KPM Report Style: 2, UE ID: 0
E2SM_KPM RIC Indication Content:
-ColletStartTime:  2026-07-17 05:38:39
-Measurements Data:
-granulPeriod: 1000
--Metric: DRB.UEThpDl, Value: [0.0]

RIC Indication Received from gnbd_208_093_00019b_0 for Subscription ID: 3, KPM Report Style: 2, UE ID: 0
E2SM_KPM RIC Indication Content:
-ColletStartTime:  2026-07-17 05:38:40
-Measurements Data:
-granulPeriod: 1000
--Metric: DRB.UEThpDl, Value: [0.0]

RIC Indication Received from gnbd_208_093_00019b_0 for Subscription ID: 3, KPM Report Style: 2, UE ID: 0
E2SM_KPM RIC Indication Content:
-ColletStartTime:  2026-07-17 05:38:42
-Measurements Data:
-granulPeriod: 1000
--Metric: DRB.UEThpDl, Value: [0.0]

RIC Indication Received from gnbd_208_093_00019b_0 for Subscription ID: 3, KPM Report Style: 2, UE ID: 0
E2SM_KPM RIC Indication Content:
-ColletStartTime:  2026-07-17 05:38:43
-Measurements Data:
-granulPeriod: 1000
--Metric: DRB.UEThpDl, Value: [0.0]

RIC Indication Received from gnbd_208_093_00019b_0 for Subscription ID: 3, KPM Report Style: 2, UE ID: 0
E2SM_KPM RIC Indication Content:
-ColletStartTime:  2026-07-17 05:38:44
-Measurements Data:
-granulPeriod: 1000
--Metric: DRB.UEThpDl, Value: [0.0]

RIC Indication Received from gnbd_208_093_00019b_0 for Subscription ID: 3, KPM Report Style: 2, UE ID: 0
E2SM_KPM RIC Indication Content:
-ColletStartTime:  2026-07-17 05:38:45
-Measurements Data:
-granulPeriod: 1000
--Metric: DRB.UEThpDl, Value: [0.0]

RIC Indication Received from gnbd_208_093_00019b_0 for Subscription ID: 3, KPM Report Style: 2, UE ID: 0
E2SM_KPM RIC Indication Content:
-ColletStartTime:  2026-07-17 05:38:47
-Measurements Data:
-granulPeriod: 1000
--Metric: DRB.UEThpDl, Value: [0.0]

RIC Indication Received from gnbd_208_093_00019b_0 for Subscription ID: 3, KPM Report Style: 2, UE ID: 0
E2SM_KPM RIC Indication Content:
-ColletStartTime:  2026-07-17 05:38:48
-Measurements Data:
-granulPeriod: 1000
--Metric: DRB.UEThpDl, Value: [0.0]

RIC Indication Received from gnbd_208_093_00019b_0 for Subscription ID: 3, KPM Report Style: 2, UE ID: 0
E2SM_KPM RIC Indication Content:
-ColletStartTime:  2026-07-17 05:38:49
-Measurements Data:
-granulPeriod: 1000
--Metric: DRB.UEThpDl, Value: [0.0]

RIC Indication Received from gnbd_208_093_00019b_0 for Subscription ID: 3, KPM Report Style: 2, UE ID: 0
E2SM_KPM RIC Indication Content:
-ColletStartTime:  2026-07-17 05:38:50
-Measurements Data:
-granulPeriod: 1000
--Metric: DRB.UEThpDl, Value: [0.0]

RIC Indication Received from gnbd_208_093_00019b_0 for Subscription ID: 3, KPM Report Style: 2, UE ID: 0
E2SM_KPM RIC Indication Content:
-ColletStartTime:  2026-07-17 05:38:51
-Measurements Data:
-granulPeriod: 1000
--Metric: DRB.UEThpDl, Value: [0.0]

RIC Indication Received from gnbd_208_093_00019b_0 for Subscription ID: 3, KPM Report Style: 2, UE ID: 0
E2SM_KPM RIC Indication Content:
-ColletStartTime:  2026-07-17 05:38:52
-Measurements Data:
-granulPeriod: 1000
--Metric: DRB.UEThpDl, Value: [0.0]

RIC Indication Received from gnbd_208_093_00019b_0 for Subscription ID: 3, KPM Report Style: 2, UE ID: 0
E2SM_KPM RIC Indication Content:
-ColletStartTime:  2026-07-17 05:38:54
-Measurements Data:
-granulPeriod: 1000
--Metric: DRB.UEThpDl, Value: [0.0]

RIC Indication Received from gnbd_208_093_00019b_0 for Subscription ID: 3, KPM Report Style: 2, UE ID: 0
E2SM_KPM RIC Indication Content:
-ColletStartTime:  2026-07-17 05:38:55
-Measurements Data:
-granulPeriod: 1000
--Metric: DRB.UEThpDl, Value: [0.0]

RIC Indication Received from gnbd_208_093_00019b_0 for Subscription ID: 3, KPM Report Style: 2, UE ID: 0
E2SM_KPM RIC Indication Content:
-ColletStartTime:  2026-07-17 05:38:56
-Measurements Data:
-granulPeriod: 1000
--Metric: DRB.UEThpDl, Value: [0.0]

RIC Indication Received from gnbd_208_093_00019b_0 for Subscription ID: 3, KPM Report Style: 2, UE ID: 0
E2SM_KPM RIC Indication Content:
-ColletStartTime:  2026-07-17 05:38:57
-Measurements Data:
-granulPeriod: 1000
--Metric: DRB.UEThpDl, Value: [0.0]

RIC Indication Received from gnbd_208_093_00019b_0 for Subscription ID: 3, KPM Report Style: 2, UE ID: 0
E2SM_KPM RIC Indication Content:
-ColletStartTime:  2026-07-17 05:38:59
-Measurements Data:
-granulPeriod: 1000
--Metric: DRB.UEThpDl, Value: [0.0]

RIC Indication Received from gnbd_208_093_00019b_0 for Subscription ID: 3, KPM Report Style: 2, UE ID: 0
E2SM_KPM RIC Indication Content:
-ColletStartTime:  2026-07-17 05:39:00
-Measurements Data:
-granulPeriod: 1000
--Metric: DRB.UEThpDl, Value: [0.0]

RIC Indication Received from gnbd_208_093_00019b_0 for Subscription ID: 3, KPM Report Style: 2, UE ID: 0
E2SM_KPM RIC Indication Content:
-ColletStartTime:  2026-07-17 05:39:01
-Measurements Data:
-granulPeriod: 1000
--Metric: DRB.UEThpDl, Value: [0.0]

RIC Indication Received from gnbd_208_093_00019b_0 for Subscription ID: 3, KPM Report Style: 2, UE ID: 0
E2SM_KPM RIC Indication Content:
-ColletStartTime:  2026-07-17 05:39:02
-Measurements Data:
-granulPeriod: 1000
--Metric: DRB.UEThpDl, Value: [0.0]

RIC Indication Received from gnbd_208_093_00019b_0 for Subscription ID: 3, KPM Report Style: 2, UE ID: 0
E2SM_KPM RIC Indication Content:
-ColletStartTime:  2026-07-17 05:39:04
-Measurements Data:
-granulPeriod: 1000
--Metric: DRB.UEThpDl, Value: [0.0]

RIC Indication Received from gnbd_208_093_00019b_0 for Subscription ID: 3, KPM Report Style: 2, UE ID: 0
E2SM_KPM RIC Indication Content:
-ColletStartTime:  2026-07-17 05:39:05
-Measurements Data:
-granulPeriod: 1000
--Metric: DRB.UEThpDl, Value: [0.0]

RIC Indication Received from gnbd_208_093_00019b_0 for Subscription ID: 3, KPM Report Style: 2, UE ID: 0
E2SM_KPM RIC Indication Content:
-ColletStartTime:  2026-07-17 05:39:06
-Measurements Data:
-granulPeriod: 1000
--Metric: DRB.UEThpDl, Value: [0.0]

RIC Indication Received from gnbd_208_093_00019b_0 for Subscription ID: 3, KPM Report Style: 2, UE ID: 0
E2SM_KPM RIC Indication Content:
-ColletStartTime:  2026-07-17 05:39:07
-Measurements Data:
-granulPeriod: 1000
--Metric: DRB.UEThpDl, Value: [0.0]

RIC Indication Received from gnbd_208_093_00019b_0 for Subscription ID: 3, KPM Report Style: 2, UE ID: 0
E2SM_KPM RIC Indication Content:
-ColletStartTime:  2026-07-17 05:39:09
-Measurements Data:
-granulPeriod: 1000
--Metric: DRB.UEThpDl, Value: [0.0]

RIC Indication Received from gnbd_208_093_00019b_0 for Subscription ID: 3, KPM Report Style: 2, UE ID: 0
E2SM_KPM RIC Indication Content:
-ColletStartTime:  2026-07-17 05:39:10
-Measurements Data:
-granulPeriod: 1000
--Metric: DRB.UEThpDl, Value: [0.0]

RIC Indication Received from gnbd_208_093_00019b_0 for Subscription ID: 3, KPM Report Style: 2, UE ID: 0
E2SM_KPM RIC Indication Content:
-ColletStartTime:  2026-07-17 05:39:11
-Measurements Data:
-granulPeriod: 1000
--Metric: DRB.UEThpDl, Value: [0.0]

RIC Indication Received from gnbd_208_093_00019b_0 for Subscription ID: 3, KPM Report Style: 2, UE ID: 0
E2SM_KPM RIC Indication Content:
-ColletStartTime:  2026-07-17 05:39:12
-Measurements Data:
-granulPeriod: 1000
--Metric: DRB.UEThpDl, Value: [0.0]

RIC Indication Received from gnbd_208_093_00019b_0 for Subscription ID: 3, KPM Report Style: 2, UE ID: 0
E2SM_KPM RIC Indication Content:
-ColletStartTime:  2026-07-17 05:39:13
-Measurements Data:
-granulPeriod: 1000
--Metric: DRB.UEThpDl, Value: [0.0]

RIC Indication Received from gnbd_208_093_00019b_0 for Subscription ID: 3, KPM Report Style: 2, UE ID: 0
E2SM_KPM RIC Indication Content:
-ColletStartTime:  2026-07-17 05:39:15
-Measurements Data:
-granulPeriod: 1000
--Metric: DRB.UEThpDl, Value: [0.0]

RIC Indication Received from gnbd_208_093_00019b_0 for Subscription ID: 3, KPM Report Style: 2, UE ID: 0
E2SM_KPM RIC Indication Content:
-ColletStartTime:  2026-07-17 05:39:16
-Measurements Data:
-granulPeriod: 1000
--Metric: DRB.UEThpDl, Value: [0.0]

RIC Indication Received from gnbd_208_093_00019b_0 for Subscription ID: 3, KPM Report Style: 2, UE ID: 0
E2SM_KPM RIC Indication Content:
-ColletStartTime:  2026-07-17 05:39:17
-Measurements Data:
-granulPeriod: 1000
--Metric: DRB.UEThpDl, Value: [0.0]

RIC Indication Received from gnbd_208_093_00019b_0 for Subscription ID: 3, KPM Report Style: 2, UE ID: 0
E2SM_KPM RIC Indication Content:
-ColletStartTime:  2026-07-17 05:39:18
-Measurements Data:
-granulPeriod: 1000
--Metric: DRB.UEThpDl, Value: [0.0]

RIC Indication Received from gnbd_208_093_00019b_0 for Subscription ID: 3, KPM Report Style: 2, UE ID: 0
E2SM_KPM RIC Indication Content:
-ColletStartTime:  2026-07-17 05:39:19
-Measurements Data:
-granulPeriod: 1000
--Metric: DRB.UEThpDl, Value: [0.0]

RIC Indication Received from gnbd_208_093_00019b_0 for Subscription ID: 3, KPM Report Style: 2, UE ID: 0
E2SM_KPM RIC Indication Content:
-ColletStartTime:  2026-07-17 05:39:21
-Measurements Data:
-granulPeriod: 1000
--Metric: DRB.UEThpDl, Value: [0.0]

RIC Indication Received from gnbd_208_093_00019b_0 for Subscription ID: 3, KPM Report Style: 2, UE ID: 0
E2SM_KPM RIC Indication Content:
-ColletStartTime:  2026-07-17 05:39:22
-Measurements Data:
-granulPeriod: 1000
--Metric: DRB.UEThpDl, Value: [0.0]

RIC Indication Received from gnbd_208_093_00019b_0 for Subscription ID: 3, KPM Report Style: 2, UE ID: 0
E2SM_KPM RIC Indication Content:
-ColletStartTime:  2026-07-17 05:39:23
-Measurements Data:
-granulPeriod: 1000
--Metric: DRB.UEThpDl, Value: [0.0]

RIC Indication Received from gnbd_208_093_00019b_0 for Subscription ID: 3, KPM Report Style: 2, UE ID: 0
E2SM_KPM RIC Indication Content:
-ColletStartTime:  2026-07-17 05:39:24
-Measurements Data:
-granulPeriod: 1000
--Metric: DRB.UEThpDl, Value: [0.0]

RIC Indication Received from gnbd_208_093_00019b_0 for Subscription ID: 3, KPM Report Style: 2, UE ID: 0
E2SM_KPM RIC Indication Content:
-ColletStartTime:  2026-07-17 05:39:25
-Measurements Data:
-granulPeriod: 1000
--Metric: DRB.UEThpDl, Value: [0.0]

RIC Indication Received from gnbd_208_093_00019b_0 for Subscription ID: 3, KPM Report Style: 2, UE ID: 0
E2SM_KPM RIC Indication Content:
-ColletStartTime:  2026-07-17 05:39:27
-Measurements Data:
-granulPeriod: 1000
--Metric: DRB.UEThpDl, Value: [0.0]

RIC Indication Received from gnbd_208_093_00019b_0 for Subscription ID: 3, KPM Report Style: 2, UE ID: 0
E2SM_KPM RIC Indication Content:
-ColletStartTime:  2026-07-17 05:39:28
-Measurements Data:
-granulPeriod: 1000
--Metric: DRB.UEThpDl, Value: [0.0]

RIC Indication Received from gnbd_208_093_00019b_0 for Subscription ID: 3, KPM Report Style: 2, UE ID: 0
E2SM_KPM RIC Indication Content:
-ColletStartTime:  2026-07-17 05:39:29
-Measurements Data:
-granulPeriod: 1000
--Metric: DRB.UEThpDl, Value: [0.0]

RIC Indication Received from gnbd_208_093_00019b_0 for Subscription ID: 3, KPM Report Style: 2, UE ID: 0
E2SM_KPM RIC Indication Content:
-ColletStartTime:  2026-07-17 05:39:30
-Measurements Data:
-granulPeriod: 1000
--Metric: DRB.UEThpDl, Value: [0.0]

RIC Indication Received from gnbd_208_093_00019b_0 for Subscription ID: 3, KPM Report Style: 2, UE ID: 0
E2SM_KPM RIC Indication Content:
-ColletStartTime:  2026-07-17 05:39:31
-Measurements Data:
-granulPeriod: 1000
--Metric: DRB.UEThpDl, Value: [0.0]

RIC Indication Received from gnbd_208_093_00019b_0 for Subscription ID: 3, KPM Report Style: 2, UE ID: 0
E2SM_KPM RIC Indication Content:
-ColletStartTime:  2026-07-17 05:39:32
-Measurements Data:
-granulPeriod: 1000
--Metric: DRB.UEThpDl, Value: [0.0]

RIC Indication Received from gnbd_208_093_00019b_0 for Subscription ID: 3, KPM Report Style: 2, UE ID: 0
E2SM_KPM RIC Indication Content:
-ColletStartTime:  2026-07-17 05:39:34
-Measurements Data:
-granulPeriod: 1000
--Metric: DRB.UEThpDl, Value: [0.0]

RIC Indication Received from gnbd_208_093_00019b_0 for Subscription ID: 3, KPM Report Style: 2, UE ID: 0
E2SM_KPM RIC Indication Content:
-ColletStartTime:  2026-07-17 05:39:35
-Measurements Data:
-granulPeriod: 1000
--Metric: DRB.UEThpDl, Value: [0.0]

RIC Indication Received from gnbd_208_093_00019b_0 for Subscription ID: 3, KPM Report Style: 2, UE ID: 0
E2SM_KPM RIC Indication Content:
-ColletStartTime:  2026-07-17 05:39:36
-Measurements Data:
-granulPeriod: 1000
--Metric: DRB.UEThpDl, Value: [0.0]

RIC Indication Received from gnbd_208_093_00019b_0 for Subscription ID: 3, KPM Report Style: 2, UE ID: 0
E2SM_KPM RIC Indication Content:
-ColletStartTime:  2026-07-17 05:39:37
-Measurements Data:
-granulPeriod: 1000
--Metric: DRB.UEThpDl, Value: [0.0]

RIC Indication Received from gnbd_208_093_00019b_0 for Subscription ID: 3, KPM Report Style: 2, UE ID: 0
E2SM_KPM RIC Indication Content:
-ColletStartTime:  2026-07-17 05:39:39
-Measurements Data:
-granulPeriod: 1000
--Metric: DRB.UEThpDl, Value: [0.0]

RIC Indication Received from gnbd_208_093_00019b_0 for Subscription ID: 3, KPM Report Style: 2, UE ID: 0
E2SM_KPM RIC Indication Content:
-ColletStartTime:  2026-07-17 05:39:40
-Measurements Data:
-granulPeriod: 1000
--Metric: DRB.UEThpDl, Value: [0.0]

RIC Indication Received from gnbd_208_093_00019b_0 for Subscription ID: 3, KPM Report Style: 2, UE ID: 0
E2SM_KPM RIC Indication Content:
-ColletStartTime:  2026-07-17 05:39:41
-Measurements Data:
-granulPeriod: 1000
--Metric: DRB.UEThpDl, Value: [0.0]

RIC Indication Received from gnbd_208_093_00019b_0 for Subscription ID: 3, KPM Report Style: 2, UE ID: 0
E2SM_KPM RIC Indication Content:
-ColletStartTime:  2026-07-17 05:39:42
-Measurements Data:
-granulPeriod: 1000
--Metric: DRB.UEThpDl, Value: [0.0]

RIC Indication Received from gnbd_208_093_00019b_0 for Subscription ID: 3, KPM Report Style: 2, UE ID: 0
E2SM_KPM RIC Indication Content:
-ColletStartTime:  2026-07-17 05:39:43
-Measurements Data:
-granulPeriod: 1000
--Metric: DRB.UEThpDl, Value: [0.0]

RIC Indication Received from gnbd_208_093_00019b_0 for Subscription ID: 3, KPM Report Style: 2, UE ID: 0
E2SM_KPM RIC Indication Content:
-ColletStartTime:  2026-07-17 05:39:45
-Measurements Data:
-granulPeriod: 1000
--Metric: DRB.UEThpDl, Value: [0.0]

RIC Indication Received from gnbd_208_093_00019b_0 for Subscription ID: 3, KPM Report Style: 2, UE ID: 0
E2SM_KPM RIC Indication Content:
-ColletStartTime:  2026-07-17 05:39:46
-Measurements Data:
-granulPeriod: 1000
--Metric: DRB.UEThpDl, Value: [0.0]

RIC Indication Received from gnbd_208_093_00019b_0 for Subscription ID: 3, KPM Report Style: 2, UE ID: 0
E2SM_KPM RIC Indication Content:
-ColletStartTime:  2026-07-17 05:39:47
-Measurements Data:
-granulPeriod: 1000
--Metric: DRB.UEThpDl, Value: [0.0]

RIC Indication Received from gnbd_208_093_00019b_0 for Subscription ID: 3, KPM Report Style: 2, UE ID: 0
E2SM_KPM RIC Indication Content:
-ColletStartTime:  2026-07-17 05:39:48
-Measurements Data:
-granulPeriod: 1000
--Metric: DRB.UEThpDl, Value: [0.0]

RIC Indication Received from gnbd_208_093_00019b_0 for Subscription ID: 3, KPM Report Style: 2, UE ID: 0
E2SM_KPM RIC Indication Content:
-ColletStartTime:  2026-07-17 05:39:49
-Measurements Data:
-granulPeriod: 1000
--Metric: DRB.UEThpDl, Value: [0.0]

RIC Indication Received from gnbd_208_093_00019b_0 for Subscription ID: 3, KPM Report Style: 2, UE ID: 0
E2SM_KPM RIC Indication Content:
-ColletStartTime:  2026-07-17 05:39:51
-Measurements Data:
-granulPeriod: 1000
--Metric: DRB.UEThpDl, Value: [0.0]

RIC Indication Received from gnbd_208_093_00019b_0 for Subscription ID: 3, KPM Report Style: 2, UE ID: 0
E2SM_KPM RIC Indication Content:
-ColletStartTime:  2026-07-17 05:39:52
-Measurements Data:
-granulPeriod: 1000
--Metric: DRB.UEThpDl, Value: [0.0]

RIC Indication Received from gnbd_208_093_00019b_0 for Subscription ID: 3, KPM Report Style: 2, UE ID: 0
E2SM_KPM RIC Indication Content:
-ColletStartTime:  2026-07-17 05:39:53
-Measurements Data:
-granulPeriod: 1000
--Metric: DRB.UEThpDl, Value: [0.0]

RIC Indication Received from gnbd_208_093_00019b_0 for Subscription ID: 3, KPM Report Style: 2, UE ID: 0
E2SM_KPM RIC Indication Content:
-ColletStartTime:  2026-07-17 05:39:55
-Measurements Data:
-granulPeriod: 1000
--Metric: DRB.UEThpDl, Value: [0.0]

RIC Indication Received from gnbd_208_093_00019b_0 for Subscription ID: 3, KPM Report Style: 2, UE ID: 0
E2SM_KPM RIC Indication Content:
-ColletStartTime:  2026-07-17 05:39:56
-Measurements Data:
-granulPeriod: 1000
--Metric: DRB.UEThpDl, Value: [0.0]

RIC Indication Received from gnbd_208_093_00019b_0 for Subscription ID: 3, KPM Report Style: 2, UE ID: 0
E2SM_KPM RIC Indication Content:
-ColletStartTime:  2026-07-17 05:39:58
-Measurements Data:
-granulPeriod: 1000
--Metric: DRB.UEThpDl, Value: [0.0]

RIC Indication Received from gnbd_208_093_00019b_0 for Subscription ID: 3, KPM Report Style: 2, UE ID: 0
E2SM_KPM RIC Indication Content:
-ColletStartTime:  2026-07-17 05:39:59
-Measurements Data:
-granulPeriod: 1000
--Metric: DRB.UEThpDl, Value: [0.0]

RIC Indication Received from gnbd_208_093_00019b_0 for Subscription ID: 3, KPM Report Style: 2, UE ID: 0
E2SM_KPM RIC Indication Content:
-ColletStartTime:  2026-07-17 05:40:00
-Measurements Data:
-granulPeriod: 1000
--Metric: DRB.UEThpDl, Value: [0.0]

RIC Indication Received from gnbd_208_093_00019b_0 for Subscription ID: 3, KPM Report Style: 2, UE ID: 0
E2SM_KPM RIC Indication Content:
-ColletStartTime:  2026-07-17 05:40:02
-Measurements Data:
-granulPeriod: 1000
--Metric: DRB.UEThpDl, Value: [0.0]

RIC Indication Received from gnbd_208_093_00019b_0 for Subscription ID: 3, KPM Report Style: 2, UE ID: 0
E2SM_KPM RIC Indication Content:
-ColletStartTime:  2026-07-17 05:40:03
-Measurements Data:
-granulPeriod: 1000
--Metric: DRB.UEThpDl, Value: [0.0]

RIC Indication Received from gnbd_208_093_00019b_0 for Subscription ID: 3, KPM Report Style: 2, UE ID: 0
E2SM_KPM RIC Indication Content:
-ColletStartTime:  2026-07-17 05:40:04
-Measurements Data:
-granulPeriod: 1000
--Metric: DRB.UEThpDl, Value: [0.0]

RIC Indication Received from gnbd_208_093_00019b_0 for Subscription ID: 3, KPM Report Style: 2, UE ID: 0
E2SM_KPM RIC Indication Content:
-ColletStartTime:  2026-07-17 05:40:05
-Measurements Data:
-granulPeriod: 1000
--Metric: DRB.UEThpDl, Value: [0.0]

RIC Indication Received from gnbd_208_093_00019b_0 for Subscription ID: 3, KPM Report Style: 2, UE ID: 0
E2SM_KPM RIC Indication Content:
-ColletStartTime:  2026-07-17 05:40:07
-Measurements Data:
-granulPeriod: 1000
--Metric: DRB.UEThpDl, Value: [0.0]

RIC Indication Received from gnbd_208_093_00019b_0 for Subscription ID: 3, KPM Report Style: 2, UE ID: 0
E2SM_KPM RIC Indication Content:
-ColletStartTime:  2026-07-17 05:40:08
-Measurements Data:
-granulPeriod: 1000
--Metric: DRB.UEThpDl, Value: [0.0]

RIC Indication Received from gnbd_208_093_00019b_0 for Subscription ID: 3, KPM Report Style: 2, UE ID: 0
E2SM_KPM RIC Indication Content:
-ColletStartTime:  2026-07-17 05:40:09
-Measurements Data:
-granulPeriod: 1000
--Metric: DRB.UEThpDl, Value: [0.0]

RIC Indication Received from gnbd_208_093_00019b_0 for Subscription ID: 3, KPM Report Style: 2, UE ID: 0
E2SM_KPM RIC Indication Content:
-ColletStartTime:  2026-07-17 05:40:11
-Measurements Data:
-granulPeriod: 1000
--Metric: DRB.UEThpDl, Value: [0.0]
